bucket,size
0,1
1,1
2,2
3,0
4,0
5,0
6,1
7,1
8,0
9,2
10,2
11,0
12,2
13,3
14,0
15,1
16,1
17,1
18,2
19,1
20,0
21,2
22,1
23,3
24,1
25,2
26,1
27,2
28,2
29,2
30,0
31,0
32,1
33,0
34,0
35,1
36,0
37,0
38,1
39,1
40,0
41,2
42,0
43,0
44,1
45,0
46,1
47,0
48,3
49,0
50,1
51,0
52,1
53,0
54,0
55,0
56,1
57,0
58,5
59,3
60,0
61,0
62,1
63,1
64,0
65,2
66,3
67,1
68,1
69,2
70,1
71,0
72,1
73,0
74,2
75,0
76,1
77,0
78,0
79,2
80,1
81,0
82,2
83,0
84,1
85,2
86,1
87,1
88,2
89,0
90,1
91,1
92,1
93,0
94,1
95,0
96,2
97,2
98,1
99,1
100,2
101,4
102,1
103,3
104,3
105,1
106,1
107,1
108,1
109,1
110,2
111,1
112,2
113,1
114,1
115,2
116,2
117,2
118,1
119,2
120,2
121,4
122,3
123,2
124,1
125,1
126,0
127,2
128,3
129,8
130,0
131,2
132,1
133,3
134,3
135,3
136,1
137,4
138,2
139,2
140,1
141,5
142,3
143,4
144,2
145,4
146,3
147,2
148,0
149,2
150,1
151,2
152,2
153,2
154,5
155,1
156,4
157,4
158,2
159,2
160,4
161,6
162,6
163,5
164,3
165,3
166,4
167,2
168,3
169,5
170,5
171,2
172,3
173,5
174,4
175,3
176,2
177,7
178,4
179,4
180,4
181,10
182,5
183,3
184,6
185,6
186,3
187,2
188,6
189,7
190,5
191,3
192,0
193,1
194,2
195,1
196,0
197,0
198,0
199,0
200,1
201,1
202,2
203,0
204,1
205,1
206,1
207,1
208,1
209,0
210,0
211,1
212,0
213,2
214,2
215,2
216,0
217,1
218,4
219,1
220,1
221,2
222,1
223,2
224,2
225,0
226,1
227,0
228,0
229,2
230,2
231,3
232,0
233,0
234,0
235,0
236,2
237,1
238,1
239,0
240,0
241,0
242,1
243,0
244,0
245,0
246,1
247,0
248,2
249,2
250,2
251,0
252,1
253,3
254,2
255,1
256,2
257,7
258,9
259,5
260,8
261,6
262,7
263,10
264,4
265,10
266,11
267,5
268,2
269,7
270,5
271,5
272,8
273,5
274,6
275,3
276,11
277,6
278,10
279,1
280,7
281,4
282,6
283,5
284,7
285,10
286,3
287,7
288,7
289,5
290,7
291,6
292,7
293,10
294,9
295,6
296,6
297,8
298,1
299,3
300,10
301,7
302,10
303,6
304,4
305,5
306,11
307,5
308,9
309,4
310,7
311,5
312,9
313,6
314,8
315,2
316,9
317,4
318,9
319,5
320,2
321,5
322,1
323,2
324,1
325,6
326,0
327,2
328,2
329,2
330,1
331,5
332,3
333,1
334,1
335,2
336,2
337,3
338,1
339,3
340,3
341,4
342,4
343,3
344,3
345,1
346,4
347,5
348,1
349,7
350,2
351,2
352,7
353,6
354,5
355,8
356,5
357,7
358,11
359,6
360,4
361,4
362,8
363,7
364,8
365,5
366,4
367,5
368,5
369,6
370,6
371,3
372,6
373,9
374,6
375,6
376,3
377,10
378,6
379,4
380,3
381,4
382,6
383,3
384,0
385,0
386,1
387,1
388,0
389,0
390,1
391,2
392,0
393,0
394,0
395,1
396,1
397,0
398,2
399,0
400,0
401,2
402,2
403,1
404,3
405,2
406,0
407,0
408,0
409,1
410,1
411,2
412,0
413,2
414,0
415,1
416,0
417,2
418,0
419,0
420,0
421,0
422,0
423,0
424,0
425,0
426,2
427,0
428,0
429,0
430,1
431,0
432,0
433,1
434,1
435,1
436,0
437,1
438,0
439,1
440,0
441,1
442,0
443,1
444,0
445,2
446,0
447,0
448,1
449,0
450,0
451,2
452,1
453,1
454,3
455,1
456,1
457,1
458,0
459,0
460,2
461,0
462,1
463,0
464,0
465,1
466,0
467,0
468,0
469,1
470,0
471,0
472,1
473,1
474,3
475,0
476,1
477,1
478,0
479,0
480,0
481,0
482,0
483,0
484,0
485,2
486,1
487,0
488,0
489,2
490,1
491,0
492,1
493,1
494,2
495,2
496,0
497,3
498,0
499,0
500,1
501,1
502,1
503,0
504,1
505,1
506,3
507,0
508,2
509,0
510,0
511,2
512,5
513,3
514,3
515,7
516,8
517,8
518,6
519,2
520,6
521,11
522,13
523,6
524,7
525,7
526,9
527,6
528,9
529,6
530,9
531,8
532,8
533,8
534,4
535,4
536,6
537,13
538,10
539,8
540,9
541,8
542,5
543,8
544,5
545,6
546,5
547,9
548,4
549,8
550,7
551,3
552,8
553,12
554,7
555,6
556,6
557,8
558,10
559,11
560,6
561,8
562,6
563,4
564,9
565,10
566,4
567,3
568,3
569,8
570,5
571,6
572,4
573,13
574,5
575,9
576,8
577,10
578,11
579,7
580,13
581,2
582,6
583,9
584,7
585,14
586,7
587,5
588,10
589,9
590,4
591,9
592,13
593,8
594,14
595,6
596,10
597,11
598,5
599,5
600,5
601,9
602,6
603,3
604,8
605,9
606,4
607,8
608,5
609,8
610,6
611,6
612,9
613,10
614,4
615,6
616,9
617,11
618,7
619,5
620,2
621,8
622,10
623,4
624,5
625,8
626,6
627,7
628,7
629,5
630,8
631,10
632,6
633,14
634,10
635,4
636,8
637,7
638,5
639,8
640,6
641,7
642,8
643,6
644,11
645,9
646,5
647,4
648,5
649,9
650,9
651,7
652,6
653,2
654,6
655,8
656,8
657,5
658,6
659,6
660,10
661,10
662,10
663,10
664,5
665,13
666,12
667,6
668,13
669,7
670,2
671,4
672,5
673,5
674,8
675,6
676,11
677,13
678,7
679,9
680,7
681,10
682,5
683,6
684,11
685,5
686,5
687,8
688,7
689,9
690,5
691,9
692,7
693,9
694,9
695,8
696,7
697,7
698,9
699,3
700,6
701,12
702,6
703,7
704,3
705,3
706,2
707,3
708,0
709,2
710,2
711,3
712,4
713,1
714,4
715,3
716,5
717,3
718,4
719,3
720,3
721,2
722,2
723,2
724,1
725,4
726,3
727,2
728,1
729,1
730,4
731,0
732,4
733,3
734,2
735,3
736,4
737,4
738,3
739,1
740,1
741,1
742,2
743,3
744,3
745,4
746,4
747,3
748,3
749,1
750,2
751,2
752,2
753,3
754,2
755,4
756,1
757,1
758,4
759,3
760,3
761,3
762,2
763,7
764,2
765,1
766,3
767,2
768,1
769,0
770,2
771,1
772,0
773,0
774,0
775,0
776,0
777,0
778,0
779,1
780,1
781,1
782,0
783,0
784,2
785,0
786,1
787,2
788,0
789,1
790,0
791,0
792,1
793,0
794,0
795,0
796,0
797,0
798,0
799,1
800,1
801,2
802,0
803,0
804,1
805,2
806,0
807,0
808,0
809,0
810,0
811,0
812,0
813,0
814,0
815,1
816,0
817,0
818,0
819,0
820,0
821,1
822,0
823,1
824,1
825,0
826,0
827,1
828,0
829,1
830,2
831,0
832,1
833,1
834,1
835,1
836,0
837,0
838,0
839,0
840,0
841,1
842,0
843,0
844,0
845,2
846,2
847,1
848,0
849,1
850,0
851,0
852,0
853,0
854,0
855,0
856,0
857,1
858,1
859,0
860,0
861,2
862,0
863,0
864,0
865,0
866,0
867,1
868,0
869,1
870,1
871,1
872,1
873,1
874,0
875,0
876,1
877,0
878,0
879,1
880,1
881,0
882,0
883,0
884,0
885,1
886,1
887,0
888,0
889,1
890,0
891,0
892,0
893,0
894,0
895,0
896,0
897,0
898,1
899,0
900,0
901,2
902,0
903,0
904,2
905,0
906,0
907,0
908,0
909,0
910,2
911,1
912,0
913,1
914,0
915,0
916,0
917,1
918,3
919,1
920,1
921,0
922,0
923,0
924,1
925,0
926,0
927,0
928,1
929,1
930,1
931,0
932,1
933,1
934,0
935,0
936,0
937,0
938,1
939,0
940,0
941,1
942,2
943,0
944,0
945,0
946,1
947,0
948,0
949,0
950,1
951,0
952,0
953,0
954,0
955,1
956,0
957,1
958,1
959,0
960,1
961,0
962,0
963,1
964,0
965,0
966,0
967,0
968,1
969,0
970,0
971,1
972,1
973,0
974,0
975,0
976,2
977,0
978,0
979,1
980,2
981,3
982,1
983,1
984,0
985,0
986,0
987,0
988,0
989,0
990,1
991,0
992,2
993,0
994,0
995,0
996,0
997,0
998,1
999,1
1000,0
1001,1
1002,0
1003,1
1004,2
1005,0
1006,0
1007,1
1008,0
1009,0
1010,1
1011,0
1012,0
1013,1
1014,0
1015,0
1016,1
1017,0
1018,0
1019,1
1020,0
1021,2
1022,1
1023,1
1024,2
1025,5
1026,1
1027,5
1028,4
1029,4
1030,5
1031,3
1032,0
1033,8
1034,5
1035,2
1036,3
1037,4
1038,5
1039,4
1040,11
1041,7
1042,0
1043,6
1044,3
1045,2
1046,6
1047,9
1048,6
1049,8
1050,5
1051,4
1052,5
1053,5
1054,8
1055,7
1056,4
1057,11
1058,2
1059,4
1060,3
1061,6
1062,2
1063,6
1064,5
1065,7
1066,5
1067,5
1068,3
1069,3
1070,3
1071,7
1072,9
1073,8
1074,3
1075,6
1076,3
1077,4
1078,5
1079,2
1080,3
1081,6
1082,3
1083,4
1084,3
1085,2
1086,6
1087,1
1088,4
1089,12
1090,5
1091,5
1092,3
1093,7
1094,3
1095,5
1096,10
1097,6
1098,3
1099,10
1100,3
1101,7
1102,6
1103,6
1104,4
1105,8
1106,3
1107,6
1108,5
1109,6
1110,6
1111,4
1112,4
1113,9
1114,6
1115,10
1116,6
1117,9
1118,3
1119,4
1120,7
1121,11
1122,5
1123,3
1124,2
1125,0
1126,5
1127,2
1128,3
1129,7
1130,3
1131,6
1132,7
1133,7
1134,3
1135,9
1136,3
1137,9
1138,2
1139,6
1140,9
1141,6
1142,4
1143,4
1144,2
1145,5
1146,2
1147,6
1148,3
1149,7
1150,3
1151,6
1152,3
1153,3
1154,2
1155,4
1156,3
1157,3
1158,1
1159,8
1160,2
1161,6
1162,5
1163,6
1164,2
1165,6
1166,6
1167,5
1168,9
1169,6
1170,5
1171,6
1172,6
1173,9
1174,7
1175,5
1176,2
1177,6
1178,6
1179,7
1180,4
1181,7
1182,9
1183,9
1184,5
1185,6
1186,2
1187,5
1188,4
1189,6
1190,8
1191,6
1192,2
1193,4
1194,5
1195,3
1196,3
1197,6
1198,4
1199,5
1200,1
1201,5
1202,0
1203,6
1204,3
1205,7
1206,6
1207,1
1208,3
1209,4
1210,1
1211,7
1212,3
1213,2
1214,5
1215,7
1216,7
1217,5
1218,4
1219,6
1220,4
1221,2
1222,6
1223,4
1224,2
1225,10
1226,6
1227,3
1228,4
1229,14
1230,4
1231,3
1232,7
1233,5
1234,5
1235,8
1236,6
1237,7
1238,1
1239,7
1240,5
1241,9
1242,4
1243,2
1244,7
1245,10
1246,3
1247,5
1248,6
1249,7
1250,3
1251,3
1252,3
1253,7
1254,6
1255,6
1256,6
1257,8
1258,9
1259,5
1260,6
1261,6
1262,1
1263,10
1264,4
1265,6
1266,4
1267,5
1268,3
1269,4
1270,1
1271,2
1272,3
1273,3
1274,5
1275,5
1276,6
1277,6
1278,3
1279,6
1280,3
1281,6
1282,6
1283,5
1284,5
1285,2
1286,5
1287,7
1288,5
1289,11
1290,3
1291,6
1292,7
1293,6
1294,2
1295,6
1296,7
1297,9
1298,3
1299,4
1300,3
1301,4
1302,5
1303,2
1304,7
1305,2
1306,4
1307,6
1308,5
1309,8
1310,6
1311,3
1312,1
1313,8
1314,2
1315,5
1316,3
1317,4
1318,0
1319,4
1320,4
1321,6
1322,3
1323,4
1324,2
1325,5
1326,4
1327,3
1328,5
1329,7
1330,1
1331,2
1332,6
1333,6
1334,3
1335,5
1336,2
1337,6
1338,2
1339,8
1340,1
1341,7
1342,4
1343,4
1344,10
1345,9
1346,7
1347,9
1348,1
1349,5
1350,5
1351,12
1352,1
1353,5
1354,3
1355,7
1356,7
1357,8
1358,6
1359,4
1360,5
1361,5
1362,5
1363,4
1364,3
1365,3
1366,7
1367,7
1368,3
1369,4
1370,5
1371,6
1372,6
1373,6
1374,7
1375,7
1376,6
1377,7
1378,2
1379,5
1380,2
1381,5
1382,5
1383,6
1384,4
1385,9
1386,2
1387,2
1388,5
1389,8
1390,5
1391,3
1392,2
1393,8
1394,0
1395,4
1396,3
1397,6
1398,4
1399,1
1400,3
1401,4
1402,3
1403,7
1404,6
1405,9
1406,3
1407,5
1408,3
1409,3
1410,2
1411,4
1412,6
1413,5
1414,0
1415,3
1416,4
1417,2
1418,1
1419,2
1420,2
1421,3
1422,3
1423,5
1424,4
1425,3
1426,1
1427,1
1428,5
1429,5
1430,3
1431,6
1432,3
1433,6
1434,0
1435,2
1436,5
1437,2
1438,2
1439,1
1440,1
1441,1
1442,7
1443,4
1444,0
1445,6
1446,5
1447,4
1448,4
1449,3
1450,3
1451,4
1452,2
1453,4
1454,1
1455,1
1456,2
1457,6
1458,3
1459,2
1460,3
1461,6
1462,0
1463,2
1464,2
1465,3
1466,0
1467,2
1468,4
1469,1
1470,7
1471,3
1472,0
1473,1
1474,1
1475,1
1476,0
1477,2
1478,2
1479,2
1480,0
1481,4
1482,2
1483,1
1484,1
1485,3
1486,2
1487,0
1488,2
1489,1
1490,0
1491,0
1492,1
1493,3
1494,3
1495,2
1496,0
1497,1
1498,4
1499,0
1500,1
1501,1
1502,1
1503,0
1504,3
1505,3
1506,2
1507,2
1508,1
1509,0
1510,2
1511,3
1512,4
1513,1
1514,3
1515,4
1516,2
1517,1
1518,2
1519,0
1520,1
1521,4
1522,5
1523,1
1524,0
1525,2
1526,0
1527,2
1528,0
1529,3
1530,2
1531,2
1532,1
1533,2
1534,3
1535,3
1536,0
1537,0
1538,0
1539,0
1540,0
1541,0
1542,1
1543,0
1544,0
1545,0
1546,2
1547,0
1548,1
1549,0
1550,1
1551,0
1552,1
1553,0
1554,1
1555,2
1556,1
1557,0
1558,0
1559,0
1560,0
1561,1
1562,0
1563,1
1564,0
1565,0
1566,0
1567,0
1568,0
1569,0
1570,0
1571,0
1572,0
1573,0
1574,0
1575,0
1576,0
1577,0
1578,1
1579,0
1580,1
1581,1
1582,0
1583,1
1584,1
1585,0
1586,1
1587,1
1588,0
1589,0
1590,0
1591,1
1592,0
1593,0
1594,0
1595,0
1596,0
1597,1
1598,0
1599,0
1600,1
1601,1
1602,0
1603,0
1604,0
1605,0
1606,0
1607,1
1608,0
1609,0
1610,0
1611,0
1612,1
1613,0
1614,0
1615,0
1616,1
1617,0
1618,0
1619,0
1620,1
1621,1
1622,0
1623,0
1624,0
1625,1
1626,0
1627,0
1628,0
1629,0
1630,0
1631,0
1632,1
1633,0
1634,1
1635,0
1636,0
1637,0
1638,0
1639,1
1640,1
1641,0
1642,1
1643,0
1644,0
1645,0
1646,2
1647,0
1648,0
1649,1
1650,0
1651,0
1652,0
1653,0
1654,0
1655,0
1656,1
1657,0
1658,1
1659,0
1660,1
1661,1
1662,0
1663,1
1664,0
1665,0
1666,1
1667,1
1668,0
1669,2
1670,0
1671,0
1672,1
1673,0
1674,0
1675,0
1676,0
1677,0
1678,2
1679,0
1680,0
1681,0
1682,0
1683,0
1684,0
1685,0
1686,0
1687,0
1688,0
1689,0
1690,0
1691,0
1692,0
1693,0
1694,1
1695,0
1696,0
1697,0
1698,0
1699,0
1700,0
1701,1
1702,0
1703,0
1704,1
1705,0
1706,0
1707,1
1708,0
1709,0
1710,0
1711,0
1712,0
1713,0
1714,0
1715,0
1716,0
1717,0
1718,1
1719,0
1720,0
1721,1
1722,1
1723,0
1724,0
1725,1
1726,0
1727,0
1728,0
1729,0
1730,0
1731,0
1732,0
1733,0
1734,2
1735,1
1736,0
1737,0
1738,1
1739,1
1740,0
1741,1
1742,0
1743,0
1744,0
1745,0
1746,2
1747,1
1748,0
1749,0
1750,1
1751,0
1752,0
1753,0
1754,2
1755,0
1756,0
1757,0
1758,0
1759,0
1760,0
1761,0
1762,1
1763,0
1764,0
1765,0
1766,0
1767,1
1768,0
1769,0
1770,0
1771,0
1772,0
1773,0
1774,0
1775,1
1776,0
1777,0
1778,0
1779,0
1780,0
1781,1
1782,0
1783,0
1784,2
1785,0
1786,0
1787,0
1788,0
1789,0
1790,0
1791,1
1792,0
1793,0
1794,0
1795,0
1796,0
1797,0
1798,1
1799,0
1800,0
1801,0
1802,0
1803,0
1804,0
1805,1
1806,0
1807,0
1808,1
1809,0
1810,1
1811,0
1812,0
1813,0
1814,0
1815,0
1816,0
1817,1
1818,0
1819,2
1820,0
1821,1
1822,2
1823,0
1824,0
1825,0
1826,0
1827,0
1828,1
1829,1
1830,1
1831,1
1832,1
1833,1
1834,0
1835,0
1836,0
1837,0
1838,0
1839,0
1840,0
1841,0
1842,0
1843,0
1844,1
1845,0
1846,0
1847,0
1848,0
1849,0
1850,2
1851,0
1852,2
1853,0
1854,1
1855,0
1856,0
1857,0
1858,0
1859,0
1860,0
1861,0
1862,0
1863,0
1864,0
1865,0
1866,0
1867,2
1868,0
1869,0
1870,0
1871,0
1872,1
1873,0
1874,1
1875,2
1876,0
1877,0
1878,0
1879,1
1880,0
1881,0
1882,1
1883,0
1884,0
1885,0
1886,1
1887,0
1888,0
1889,0
1890,0
1891,0
1892,0
1893,0
1894,0
1895,1
1896,0
1897,0
1898,1
1899,1
1900,0
1901,1
1902,0
1903,0
1904,0
1905,1
1906,0
1907,0
1908,0
1909,0
1910,0
1911,0
1912,0
1913,0
1914,0
1915,0
1916,0
1917,0
1918,0
1919,0
1920,0
1921,0
1922,0
1923,0
1924,0
1925,0
1926,0
1927,1
1928,0
1929,0
1930,0
1931,0
1932,1
1933,1
1934,0
1935,0
1936,0
1937,0
1938,0
1939,0
1940,0
1941,0
1942,0
1943,0
1944,0
1945,1
1946,0
1947,2
1948,0
1949,2
1950,0
1951,0
1952,0
1953,1
1954,0
1955,0
1956,0
1957,0
1958,0
1959,0
1960,0
1961,0
1962,0
1963,0
1964,0
1965,0
1966,0
1967,0
1968,0
1969,0
1970,1
1971,0
1972,0
1973,0
1974,0
1975,0
1976,0
1977,0
1978,0
1979,1
1980,0
1981,0
1982,0
1983,0
1984,0
1985,0
1986,0
1987,0
1988,1
1989,0
1990,0
1991,1
1992,0
1993,0
1994,0
1995,0
1996,0
1997,0
1998,1
1999,1
2000,0
2001,0
2002,0
2003,0
2004,0
2005,0
2006,0
2007,0
2008,1
2009,0
2010,0
2011,0
2012,0
2013,2
2014,0
2015,1
2016,0
2017,0
2018,0
2019,1
2020,0
2021,0
2022,0
2023,0
2024,1
2025,0
2026,0
2027,0
2028,0
2029,0
2030,0
2031,0
2032,0
2033,1
2034,0
2035,0
2036,0
2037,0
2038,0
2039,1
2040,1
2041,0
2042,0
2043,1
2044,1
2045,1
2046,1
2047,0
2048,3
2049,2
2050,5
2051,1
2052,4
2053,5
2054,4
2055,1
2056,5
2057,3
2058,4
2059,4
2060,1
2061,3
2062,3
2063,2
2064,1
2065,2
2066,4
2067,4
2068,1
2069,4
2070,6
2071,4
2072,2
2073,2
2074,2
2075,2
2076,2
2077,5
2078,2
2079,3
2080,6
2081,4
2082,2
2083,6
2084,2
2085,2
2086,1
2087,1
2088,2
2089,2
2090,3
2091,1
2092,2
2093,6
2094,7
2095,1
2096,4
2097,3
2098,0
2099,3
2100,5
2101,3
2102,2
2103,4
2104,3
2105,3
2106,5
2107,2
2108,5
2109,4
2110,4
2111,2
2112,1
2113,1
2114,5
2115,2
2116,1
2117,1
2118,4
2119,2
2120,7
2121,4
2122,3
2123,1
2124,10
2125,5
2126,0
2127,4
2128,2
2129,6
2130,2
2131,4
2132,4
2133,2
2134,5
2135,1
2136,2
2137,3
2138,4
2139,1
2140,2
2141,7
2142,2
2143,5
2144,3
2145,0
2146,4
2147,2
2148,2
2149,3
2150,1
2151,3
2152,8
2153,2
2154,2
2155,5
2156,1
2157,2
2158,2
2159,5
2160,3
2161,2
2162,2
2163,5
2164,5
2165,4
2166,5
2167,2
2168,3
2169,3
2170,2
2171,3
2172,2
2173,4
2174,5
2175,4
2176,5
2177,3
2178,6
2179,4
2180,2
2181,2
2182,3
2183,2
2184,3
2185,2
2186,5
2187,3
2188,5
2189,5
2190,6
2191,3
2192,5
2193,5
2194,6
2195,3
2196,2
2197,4
2198,3
2199,2
2200,2
2201,2
2202,1
2203,2
2204,0
2205,9
2206,4
2207,4
2208,2
2209,3
2210,7
2211,1
2212,4
2213,6
2214,5
2215,2
2216,2
2217,5
2218,4
2219,6
2220,3
2221,4
2222,4
2223,3
2224,0
2225,4
2226,1
2227,1
2228,4
2229,2
2230,2
2231,2
2232,0
2233,3
2234,8
2235,2
2236,2
2237,7
2238,3
2239,2
2240,1
2241,4
2242,4
2243,3
2244,3
2245,2
2246,5
2247,4
2248,2
2249,3
2250,10
2251,4
2252,6
2253,4
2254,2
2255,5
2256,3
2257,3
2258,2
2259,5
2260,5
2261,8
2262,1
2263,6
2264,3
2265,0
2266,5
2267,5
2268,3
2269,4
2270,6
2271,5
2272,2
2273,6
2274,4
2275,5
2276,1
2277,5
2278,3
2279,3
2280,4
2281,5
2282,5
2283,1
2284,2
2285,2
2286,3
2287,1
2288,4
2289,8
2290,3
2291,2
2292,4
2293,4
2294,1
2295,3
2296,2
2297,6
2298,4
2299,2
2300,1
2301,6
2302,3
2303,2
2304,1
2305,5
2306,1
2307,4
2308,2
2309,3
2310,3
2311,1
2312,2
2313,2
2314,5
2315,1
2316,1
2317,2
2318,5
2319,0
2320,2
2321,4
2322,1
2323,2
2324,1
2325,4
2326,6
2327,1
2328,3
2329,5
2330,2
2331,2
2332,2
2333,5
2334,3
2335,1
2336,7
2337,2
2338,4
2339,0
2340,5
2341,4
2342,2
2343,1
2344,5
2345,3
2346,1
2347,4
2348,3
2349,5
2350,5
2351,1
2352,0
2353,2
2354,2
2355,1
2356,5
2357,3
2358,2
2359,2
2360,1
2361,5
2362,1
2363,3
2364,2
2365,4
2366,1
2367,3
2368,2
2369,2
2370,5
2371,0
2372,0
2373,6
2374,4
2375,2
2376,2
2377,2
2378,3
2379,1
2380,6
2381,5
2382,2
2383,2
2384,2
2385,4
2386,2
2387,4
2388,0
2389,6
2390,2
2391,2
2392,8
2393,4
2394,4
2395,1
2396,4
2397,4
2398,11
2399,5
2400,1
2401,7
2402,3
2403,2
2404,4
2405,5
2406,3
2407,2
2408,3
2409,2
2410,6
2411,0
2412,3
2413,1
2414,3
2415,3
2416,2
2417,1
2418,2
2419,0
2420,1
2421,2
2422,4
2423,4
2424,2
2425,1
2426,1
2427,2
2428,2
2429,5
2430,4
2431,5
2432,3
2433,1
2434,4
2435,3
2436,8
2437,1
2438,5
2439,2
2440,3
2441,4
2442,5
2443,2
2444,2
2445,5
2446,3
2447,2
2448,2
2449,4
2450,1
2451,2
2452,1
2453,6
2454,5
2455,5
2456,4
2457,1
2458,5
2459,1
2460,3
2461,2
2462,2
2463,1
2464,1
2465,5
2466,1
2467,5
2468,5
2469,1
2470,0
2471,2
2472,3
2473,5
2474,2
2475,5
2476,1
2477,8
2478,4
2479,6
2480,2
2481,4
2482,0
2483,6
2484,4
2485,1
2486,8
2487,2
2488,3
2489,6
2490,3
2491,0
2492,3
2493,2
2494,7
2495,5
2496,3
2497,5
2498,1
2499,4
2500,3
2501,7
2502,2
2503,2
2504,1
2505,0
2506,4
2507,5
2508,2
2509,4
2510,3
2511,2
2512,1
2513,4
2514,2
2515,0
2516,5
2517,4
2518,4
2519,2
2520,1
2521,3
2522,4
2523,2
2524,4
2525,9
2526,4
2527,2
2528,1
2529,4
2530,2
2531,3
2532,3
2533,7
2534,3
2535,1
2536,3
2537,5
2538,2
2539,2
2540,1
2541,2
2542,3
2543,8
2544,3
2545,2
2546,1
2547,6
2548,2
2549,6
2550,2
2551,4
2552,3
2553,0
2554,2
2555,2
2556,4
2557,4
2558,5
2559,5
2560,5
2561,3
2562,3
2563,4
2564,1
2565,0
2566,0
2567,2
2568,2
2569,9
2570,7
2571,0
2572,1
2573,2
2574,5
2575,3
2576,3
2577,3
2578,3
2579,4
2580,4
2581,3
2582,4
2583,3
2584,2
2585,5
2586,4
2587,4
2588,0
2589,2
2590,8
2591,1
2592,0
2593,5
2594,3
2595,2
2596,3
2597,1
2598,9
2599,2
2600,0
2601,2
2602,1
2603,1
2604,3
2605,2
2606,0
2607,2
2608,3
2609,2
2610,0
2611,4
2612,4
2613,1
2614,3
2615,4
2616,1
2617,3
2618,5
2619,6
2620,2
2621,2
2622,5
2623,1
2624,3
2625,2
2626,0
2627,6
2628,2
2629,1
2630,2
2631,2
2632,6
2633,5
2634,6
2635,2
2636,2
2637,6
2638,5
2639,1
2640,0
2641,2
2642,0
2643,8
2644,2
2645,4
2646,4
2647,3
2648,2
2649,2
2650,4
2651,3
2652,1
2653,5
2654,3
2655,4
2656,6
2657,4
2658,2
2659,2
2660,7
2661,5
2662,6
2663,2
2664,1
2665,0
2666,4
2667,5
2668,4
2669,2
2670,5
2671,0
2672,2
2673,4
2674,5
2675,4
2676,3
2677,8
2678,8
2679,4
2680,3
2681,4
2682,4
2683,1
2684,2
2685,7
2686,4
2687,0
2688,5
2689,3
2690,4
2691,2
2692,2
2693,2
2694,5
2695,1
2696,4
2697,2
2698,8
2699,4
2700,1
2701,3
2702,3
2703,0
2704,2
2705,2
2706,2
2707,3
2708,5
2709,6
2710,3
2711,4
2712,3
2713,1
2714,5
2715,1
2716,1
2717,1
2718,5
2719,4
2720,2
2721,5
2722,3
2723,1
2724,2
2725,3
2726,2
2727,5
2728,2
2729,5
2730,3
2731,3
2732,9
2733,2
2734,3
2735,3
2736,2
2737,4
2738,5
2739,2
2740,3
2741,0
2742,1
2743,3
2744,0
2745,3
2746,3
2747,1
2748,5
2749,5
2750,6
2751,4
2752,3
2753,5
2754,2
2755,1
2756,5
2757,3
2758,4
2759,3
2760,5
2761,3
2762,7
2763,5
2764,6
2765,1
2766,6
2767,2
2768,4
2769,4
2770,1
2771,5
2772,1
2773,3
2774,2
2775,3
2776,3
2777,3
2778,3
2779,3
2780,3
2781,3
2782,7
2783,2
2784,5
2785,9
2786,2
2787,4
2788,2
2789,3
2790,5
2791,0
2792,3
2793,7
2794,8
2795,3
2796,1
2797,1
2798,3
2799,5
2800,5
2801,7
2802,4
2803,5
2804,2
2805,5
2806,3
2807,2
2808,4
2809,3
2810,2
2811,3
2812,3
2813,6
2814,4
2815,4
2816,0
2817,1
2818,0
2819,1
2820,2
2821,3
2822,3
2823,2
2824,1
2825,2
2826,1
2827,3
2828,2
2829,1
2830,4
2831,4
2832,1
2833,4
2834,2
2835,3
2836,1
2837,2
2838,0
2839,1
2840,0
2841,1
2842,1
2843,2
2844,2
2845,2
2846,2
2847,2
2848,4
2849,2
2850,0
2851,2
2852,2
2853,1
2854,2
2855,1
2856,2
2857,2
2858,2
2859,1
2860,1
2861,2
2862,3
2863,0
2864,3
2865,1
2866,2
2867,4
2868,0
2869,4
2870,2
2871,2
2872,0
2873,4
2874,1
2875,0
2876,1
2877,4
2878,2
2879,2
2880,1
2881,5
2882,1
2883,1
2884,2
2885,0
2886,1
2887,0
2888,1
2889,2
2890,1
2891,2
2892,2
2893,6
2894,7
2895,2
2896,0
2897,1
2898,2
2899,2
2900,1
2901,3
2902,4
2903,0
2904,1
2905,1
2906,1
2907,3
2908,2
2909,3
2910,0
2911,2
2912,2
2913,2
2914,4
2915,0
2916,0
2917,0
2918,1
2919,1
2920,1
2921,3
2922,0
2923,2
2924,1
2925,1
2926,2
2927,2
2928,0
2929,0
2930,2
2931,2
2932,2
2933,1
2934,0
2935,2
2936,1
2937,1
2938,0
2939,2
2940,0
2941,1
2942,3
2943,1
2944,1
2945,3
2946,0
2947,2
2948,3
2949,2
2950,1
2951,2
2952,2
2953,1
2954,0
2955,2
2956,1
2957,4
2958,0
2959,0
2960,1
2961,2
2962,0
2963,1
2964,0
2965,2
2966,2
2967,2
2968,1
2969,0
2970,3
2971,0
2972,0
2973,4
2974,2
2975,1
2976,2
2977,1
2978,3
2979,1
2980,1
2981,3
2982,6
2983,4
2984,0
2985,1
2986,0
2987,0
2988,1
2989,0
2990,1
2991,2
2992,0
2993,3
2994,0
2995,1
2996,0
2997,1
2998,1
2999,2
3000,1
3001,0
3002,1
3003,0
3004,0
3005,4
3006,0
3007,3
3008,0
3009,1
3010,1
3011,0
3012,0
3013,0
3014,3
3015,3
3016,3
3017,1
3018,1
3019,1
3020,0
3021,2
3022,0
3023,1
3024,0
3025,3
3026,0
3027,0
3028,1
3029,1
3030,2
3031,1
3032,0
3033,1
3034,2
3035,2
3036,2
3037,4
3038,0
3039,3
3040,3
3041,3
3042,0
3043,0
3044,1
3045,1
3046,0
3047,1
3048,0
3049,1
3050,0
3051,0
3052,1
3053,0
3054,2
3055,2
3056,1
3057,3
3058,1
3059,3
3060,1
3061,3
3062,2
3063,2
3064,1
3065,2
3066,0
3067,0
3068,1
3069,1
3070,1
3071,0
3072,2
3073,0
3074,0
3075,0
3076,0
3077,0
3078,0
3079,0
3080,0
3081,0
3082,1
3083,0
3084,0
3085,0
3086,0
3087,0
3088,0
3089,0
3090,0
3091,0
3092,1
3093,1
3094,1
3095,1
3096,0
3097,1
3098,0
3099,0
3100,0
3101,0
3102,0
3103,0
3104,1
3105,2
3106,0
3107,0
3108,1
3109,2
3110,0
3111,1
3112,1
3113,1
3114,0
3115,0
3116,0
3117,0
3118,0
3119,0
3120,0
3121,0
3122,0
3123,0
3124,0
3125,0
3126,0
3127,2
3128,0
3129,0
3130,0
3131,0
3132,1
3133,0
3134,0
3135,1
3136,1
3137,0
3138,1
3139,0
3140,0
3141,0
3142,0
3143,1
3144,0
3145,1
3146,0
3147,0
3148,0
3149,0
3150,0
3151,0
3152,2
3153,0
3154,0
3155,0
3156,0
3157,0
3158,0
3159,0
3160,0
3161,0
3162,0
3163,0
3164,0
3165,1
3166,1
3167,0
3168,0
3169,0
3170,1
3171,0
3172,0
3173,0
3174,0
3175,1
3176,0
3177,0
3178,1
3179,0
3180,0
3181,1
3182,0
3183,0
3184,0
3185,0
3186,0
3187,0
3188,0
3189,1
3190,1
3191,0
3192,0
3193,0
3194,0
3195,0
3196,0
3197,0
3198,0
3199,0
3200,0
3201,2
3202,0
3203,0
3204,0
3205,0
3206,1
3207,0
3208,0
3209,0
3210,0
3211,0
3212,1
3213,0
3214,0
3215,0
3216,0
3217,0
3218,0
3219,0
3220,0
3221,0
3222,0
3223,0
3224,0
3225,0
3226,0
3227,1
3228,1
3229,1
3230,0
3231,0
3232,0
3233,0
3234,1
3235,2
3236,0
3237,1
3238,0
3239,0
3240,0
3241,0
3242,0
3243,0
3244,0
3245,0
3246,0
3247,1
3248,0
3249,0
3250,0
3251,1
3252,0
3253,0
3254,0
3255,0
3256,0
3257,0
3258,0
3259,0
3260,1
3261,1
3262,0
3263,0
3264,0
3265,0
3266,0
3267,1
3268,0
3269,0
3270,0
3271,0
3272,0
3273,0
3274,0
3275,0
3276,0
3277,0
3278,0
3279,0
3280,1
3281,0
3282,0
3283,0
3284,1
3285,0
3286,1
3287,0
3288,0
3289,1
3290,1
3291,0
3292,0
3293,0
3294,0
3295,0
3296,0
3297,0
3298,0
3299,0
3300,0
3301,0
3302,0
3303,0
3304,1
3305,0
3306,0
3307,1
3308,0
3309,0
3310,1
3311,0
3312,0
3313,0
3314,0
3315,0
3316,0
3317,0
3318,1
3319,2
3320,0
3321,0
3322,0
3323,0
3324,0
3325,0
3326,1
3327,0
3328,0
3329,0
3330,0
3331,0
3332,0
3333,0
3334,0
3335,0
3336,0
3337,0
3338,0
3339,0
3340,0
3341,1
3342,0
3343,0
3344,0
3345,2
3346,0
3347,0
3348,0
3349,0
3350,0
3351,0
3352,0
3353,1
3354,0
3355,1
3356,0
3357,0
3358,0
3359,0
3360,0
3361,0
3362,0
3363,1
3364,0
3365,0
3366,0
3367,0
3368,1
3369,0
3370,0
3371,0
3372,0
3373,1
3374,0
3375,0
3376,0
3377,0
3378,0
3379,0
3380,0
3381,0
3382,0
3383,0
3384,0
3385,0
3386,1
3387,0
3388,1
3389,1
3390,1
3391,1
3392,0
3393,1
3394,0
3395,1
3396,0
3397,0
3398,0
3399,0
3400,0
3401,0
3402,0
3403,0
3404,0
3405,0
3406,0
3407,0
3408,1
3409,0
3410,1
3411,0
3412,0
3413,0
3414,0
3415,0
3416,1
3417,0
3418,1
3419,0
3420,0
3421,0
3422,0
3423,0
3424,0
3425,0
3426,1
3427,0
3428,0
3429,1
3430,0
3431,0
3432,0
3433,0
3434,0
3435,0
3436,0
3437,1
3438,0
3439,1
3440,0
3441,0
3442,1
3443,0
3444,1
3445,0
3446,1
3447,0
3448,0
3449,0
3450,0
3451,1
3452,0
3453,0
3454,0
3455,0
3456,0
3457,0
3458,1
3459,0
3460,0
3461,0
3462,1
3463,0
3464,0
3465,0
3466,0
3467,0
3468,1
3469,0
3470,0
3471,0
3472,1
3473,1
3474,0
3475,0
3476,0
3477,0
3478,0
3479,0
3480,0
3481,0
3482,0
3483,0
3484,0
3485,0
3486,1
3487,0
3488,1
3489,0
3490,0
3491,0
3492,1
3493,0
3494,1
3495,0
3496,1
3497,1
3498,0
3499,1
3500,1
3501,0
3502,1
3503,1
3504,1
3505,1
3506,0
3507,0
3508,0
3509,0
3510,0
3511,0
3512,0
3513,0
3514,0
3515,0
3516,0
3517,0
3518,1
3519,0
3520,0
3521,0
3522,0
3523,0
3524,0
3525,1
3526,0
3527,0
3528,0
3529,0
3530,0
3531,0
3532,0
3533,1
3534,1
3535,0
3536,0
3537,0
3538,0
3539,0
3540,1
3541,0
3542,0
3543,0
3544,0
3545,1
3546,0
3547,1
3548,1
3549,0
3550,0
3551,0
3552,0
3553,0
3554,0
3555,1
3556,0
3557,0
3558,0
3559,0
3560,0
3561,0
3562,1
3563,0
3564,1
3565,0
3566,0
3567,0
3568,0
3569,0
3570,1
3571,0
3572,0
3573,2
3574,0
3575,0
3576,0
3577,0
3578,1
3579,0
3580,1
3581,0
3582,0
3583,0
3584,0
3585,0
3586,0
3587,0
3588,1
3589,0
3590,2
3591,0
3592,0
3593,1
3594,0
3595,0
3596,0
3597,0
3598,0
3599,0
3600,2
3601,0
3602,1
3603,0
3604,0
3605,1
3606,1
3607,0
3608,0
3609,0
3610,0
3611,0
3612,0
3613,0
3614,0
3615,0
3616,0
3617,0
3618,0
3619,0
3620,0
3621,0
3622,1
3623,0
3624,0
3625,0
3626,0
3627,0
3628,0
3629,0
3630,0
3631,0
3632,0
3633,0
3634,0
3635,0
3636,0
3637,0
3638,0
3639,0
3640,0
3641,0
3642,0
3643,0
3644,0
3645,0
3646,1
3647,0
3648,0
3649,0
3650,0
3651,0
3652,0
3653,0
3654,1
3655,0
3656,0
3657,0
3658,0
3659,0
3660,1
3661,0
3662,0
3663,0
3664,0
3665,0
3666,2
3667,0
3668,1
3669,0
3670,1
3671,0
3672,1
3673,0
3674,1
3675,0
3676,0
3677,0
3678,1
3679,0
3680,0
3681,1
3682,1
3683,0
3684,0
3685,0
3686,0
3687,1
3688,0
3689,1
3690,0
3691,3
3692,0
3693,0
3694,1
3695,0
3696,1
3697,0
3698,0
3699,0
3700,0
3701,0
3702,0
3703,1
3704,0
3705,0
3706,1
3707,0
3708,0
3709,0
3710,0
3711,0
3712,0
3713,0
3714,0
3715,0
3716,1
3717,0
3718,1
3719,0
3720,0
3721,1
3722,0
3723,0
3724,0
3725,0
3726,1
3727,0
3728,0
3729,1
3730,0
3731,2
3732,0
3733,1
3734,0
3735,1
3736,0
3737,0
3738,1
3739,0
3740,0
3741,0
3742,1
3743,0
3744,0
3745,0
3746,0
3747,0
3748,1
3749,0
3750,0
3751,2
3752,0
3753,0
3754,0
3755,0
3756,0
3757,0
3758,2
3759,2
3760,0
3761,0
3762,0
3763,1
3764,0
3765,1
3766,2
3767,0
3768,0
3769,0
3770,2
3771,0
3772,0
3773,0
3774,0
3775,0
3776,0
3777,0
3778,0
3779,2
3780,0
3781,0
3782,0
3783,0
3784,0
3785,0
3786,0
3787,1
3788,0
3789,0
3790,1
3791,1
3792,0
3793,0
3794,0
3795,0
3796,0
3797,2
3798,0
3799,0
3800,0
3801,0
3802,1
3803,0
3804,0
3805,0
3806,1
3807,0
3808,1
3809,0
3810,1
3811,0
3812,0
3813,0
3814,0
3815,0
3816,1
3817,0
3818,0
3819,0
3820,0
3821,2
3822,2
3823,0
3824,2
3825,0
3826,0
3827,0
3828,0
3829,1
3830,0
3831,0
3832,0
3833,1
3834,1
3835,0
3836,0
3837,0
3838,0
3839,0
3840,1
3841,0
3842,1
3843,0
3844,0
3845,0
3846,0
3847,1
3848,0
3849,0
3850,0
3851,0
3852,1
3853,0
3854,0
3855,0
3856,0
3857,0
3858,1
3859,0
3860,0
3861,0
3862,0
3863,0
3864,0
3865,0
3866,0
3867,0
3868,1
3869,0
3870,0
3871,0
3872,0
3873,0
3874,0
3875,0
3876,0
3877,0
3878,0
3879,0
3880,2
3881,0
3882,0
3883,0
3884,0
3885,0
3886,2
3887,0
3888,0
3889,0
3890,0
3891,0
3892,0
3893,0
3894,0
3895,0
3896,0
3897,0
3898,0
3899,0
3900,0
3901,0
3902,0
3903,0
3904,0
3905,0
3906,0
3907,0
3908,0
3909,0
3910,0
3911,0
3912,1
3913,0
3914,3
3915,0
3916,0
3917,0
3918,0
3919,1
3920,1
3921,0
3922,0
3923,1
3924,0
3925,0
3926,0
3927,0
3928,1
3929,0
3930,1
3931,0
3932,0
3933,1
3934,0
3935,0
3936,0
3937,0
3938,1
3939,0
3940,0
3941,0
3942,1
3943,1
3944,0
3945,0
3946,0
3947,1
3948,0
3949,0
3950,1
3951,0
3952,0
3953,0
3954,0
3955,0
3956,0
3957,0
3958,1
3959,1
3960,0
3961,0
3962,1
3963,0
3964,0
3965,0
3966,0
3967,1
3968,1
3969,1
3970,0
3971,1
3972,0
3973,0
3974,0
3975,1
3976,0
3977,0
3978,0
3979,0
3980,0
3981,0
3982,2
3983,0
3984,0
3985,0
3986,0
3987,0
3988,1
3989,0
3990,1
3991,2
3992,1
3993,0
3994,0
3995,0
3996,0
3997,0
3998,1
3999,1
4000,0
4001,0
4002,1
4003,0
4004,0
4005,0
4006,0
4007,1
4008,0
4009,0
4010,0
4011,0
4012,1
4013,0
4014,1
4015,0
4016,0
4017,0
4018,1
4019,0
4020,0
4021,0
4022,0
4023,2
4024,1
4025,0
4026,0
4027,0
4028,0
4029,0
4030,0
4031,0
4032,1
4033,0
4034,1
4035,0
4036,1
4037,1
4038,0
4039,0
4040,0
4041,0
4042,0
4043,0
4044,0
4045,0
4046,0
4047,0
4048,0
4049,0
4050,1
4051,0
4052,1
4053,0
4054,0
4055,0
4056,0
4057,0
4058,0
4059,0
4060,0
4061,0
4062,0
4063,0
4064,0
4065,0
4066,0
4067,1
4068,0
4069,0
4070,0
4071,0
4072,1
4073,0
4074,0
4075,1
4076,2
4077,0
4078,1
4079,0
4080,1
4081,1
4082,1
4083,0
4084,0
4085,0
4086,0
4087,0
4088,0
4089,0
4090,1
4091,0
4092,0
4093,0
4094,0
4095,0
4096,1
4097,0
4098,3
4099,1
4100,0
4101,1
4102,1
4103,3
4104,1
4105,2
4106,2
4107,2
4108,2
4109,1
4110,3
4111,0
4112,1
4113,1
4114,5
4115,2
4116,2
4117,2
4118,2
4119,1
4120,2
4121,1
4122,2
4123,2
4124,2
4125,1
4126,3
4127,1
4128,1
4129,0
4130,0
4131,1
4132,1
4133,0
4134,2
4135,3
4136,3
4137,4
4138,2
4139,2
4140,0
4141,0
4142,3
4143,3
4144,1
4145,2
4146,5
4147,1
4148,1
4149,1
4150,1
4151,3
4152,1
4153,1
4154,0
4155,2
4156,1
4157,0
4158,3
4159,2
4160,1
4161,2
4162,0
4163,1
4164,2
4165,1
4166,3
4167,4
4168,0
4169,1
4170,1
4171,2
4172,0
4173,3
4174,4
4175,4
4176,3
4177,2
4178,0
4179,1
4180,3
4181,1
4182,1
4183,2
4184,0
4185,2
4186,1
4187,1
4188,1
4189,1
4190,1
4191,4
4192,2
4193,1
4194,0
4195,3
4196,2
4197,3
4198,1
4199,4
4200,1
4201,1
4202,1
4203,2
4204,0
4205,2
4206,2
4207,3
4208,2
4209,1
4210,0
4211,3
4212,1
4213,2
4214,1
4215,4
4216,0
4217,1
4218,1
4219,3
4220,1
4221,0
4222,5
4223,2
4224,0
4225,3
4226,0
4227,1
4228,1
4229,1
4230,4
4231,2
4232,0
4233,1
4234,3
4235,2
4236,2
4237,2
4238,2
4239,2
4240,3
4241,4
4242,0
4243,0
4244,2
4245,1
4246,2
4247,0
4248,2
4249,1
4250,1
4251,1
4252,1
4253,2
4254,5
4255,5
4256,1
4257,2
4258,1
4259,5
4260,4
4261,2
4262,1
4263,0
4264,0
4265,1
4266,1
4267,1
4268,2
4269,2
4270,2
4271,3
4272,1
4273,2
4274,0
4275,1
4276,4
4277,1
4278,3
4279,1
4280,1
4281,2
4282,3
4283,1
4284,0
4285,3
4286,3
4287,5
4288,0
4289,5
4290,0
4291,1
4292,3
4293,1
4294,4
4295,6
4296,0
4297,1
4298,4
4299,1
4300,1
4301,2
4302,2
4303,1
4304,2
4305,2
4306,4
4307,1
4308,0
4309,1
4310,3
4311,0
4312,1
4313,1
4314,3
4315,4
4316,1
4317,1
4318,3
4319,1
4320,1
4321,3
4322,1
4323,4
4324,1
4325,0
4326,0
4327,2
4328,0
4329,2
4330,3
4331,5
4332,1
4333,1
4334,2
4335,5
4336,1
4337,1
4338,0
4339,1
4340,0
4341,3
4342,3
4343,4
4344,0
4345,3
4346,2
4347,2
4348,1
4349,2
4350,1
4351,5
4352,0
4353,1
4354,2
4355,2
4356,3
4357,1
4358,1
4359,1
4360,3
4361,2
4362,1
4363,2
4364,4
4365,1
4366,2
4367,5
4368,2
4369,5
4370,0
4371,0
4372,1
4373,4
4374,4
4375,2
4376,2
4377,1
4378,3
4379,3
4380,0
4381,2
4382,6
4383,3
4384,2
4385,1
4386,1
4387,4
4388,1
4389,2
4390,4
4391,1
4392,4
4393,1
4394,2
4395,0
4396,2
4397,1
4398,3
4399,3
4400,0
4401,3
4402,0
4403,2
4404,4
4405,1
4406,1
4407,11
4408,2
4409,2
4410,1
4411,2
4412,0
4413,0
4414,1
4415,6
4416,1
4417,2
4418,1
4419,0
4420,4
4421,2
4422,1
4423,4
4424,2
4425,8
4426,1
4427,0
4428,3
4429,4
4430,2
4431,5
4432,1
4433,4
4434,4
4435,3
4436,1
4437,3
4438,2
4439,6
4440,1
4441,2
4442,4
4443,1
4444,2
4445,1
4446,0
4447,3
4448,2
4449,2
4450,1
4451,2
4452,1
4453,2
4454,3
4455,4
4456,2
4457,2
4458,3
4459,3
4460,2
4461,3
4462,5
4463,4
4464,3
4465,6
4466,6
4467,1
4468,2
4469,4
4470,2
4471,3
4472,2
4473,1
4474,2
4475,2
4476,2
4477,0
4478,2
4479,2
4480,1
4481,3
4482,1
4483,0
4484,0
4485,2
4486,4
4487,0
4488,3
4489,3
4490,3
4491,2
4492,2
4493,2
4494,3
4495,3
4496,0
4497,2
4498,1
4499,3
4500,0
4501,7
4502,4
4503,4
4504,3
4505,0
4506,3
4507,3
4508,3
4509,1
4510,4
4511,4
4512,2
4513,3
4514,0
4515,0
4516,5
4517,4
4518,2
4519,4
4520,2
4521,1
4522,3
4523,0
4524,1
4525,0
4526,5
4527,3
4528,1
4529,1
4530,1
4531,1
4532,1
4533,3
4534,1
4535,3
4536,0
4537,1
4538,2
4539,1
4540,3
4541,4
4542,7
4543,7
4544,1
4545,0
4546,0
4547,0
4548,1
4549,3
4550,4
4551,6
4552,2
4553,2
4554,3
4555,2
4556,1
4557,6
4558,4
4559,5
4560,0
4561,3
4562,0
4563,3
4564,0
4565,1
4566,4
4567,1
4568,2
4569,1
4570,1
4571,1
4572,0
4573,4
4574,4
4575,7
4576,3
4577,2
4578,4
4579,1
4580,1
4581,1
4582,3
4583,1
4584,1
4585,2
4586,2
4587,0
4588,2
4589,5
4590,2
4591,2
4592,1
4593,9
4594,1
4595,2
4596,1
4597,3
4598,3
4599,2
4600,0
4601,2
4602,0
4603,3
4604,2
4605,3
4606,3
4607,5
4608,2
4609,2
4610,1
4611,2
4612,1
4613,1
4614,3
4615,2
4616,0
4617,1
4618,1
4619,0
4620,0
4621,2
4622,1
4623,1
4624,2
4625,1
4626,1
4627,0
4628,0
4629,2
4630,2
4631,5
4632,0
4633,1
4634,2
4635,2
4636,2
4637,1
4638,1
4639,2
4640,1
4641,6
4642,1
4643,3
4644,1
4645,1
4646,4
4647,2
4648,2
4649,3
4650,2
4651,1
4652,0
4653,1
4654,4
4655,0
4656,0
4657,2
4658,1
4659,4
4660,1
4661,1
4662,4
4663,1
4664,0
4665,2
4666,1
4667,1
4668,1
4669,0
4670,4
4671,1
4672,1
4673,4
4674,0
4675,2
4676,2
4677,2
4678,2
4679,0
4680,0
4681,4
4682,0
4683,0
4684,1
4685,1
4686,4
4687,5
4688,0
4689,3
4690,1
4691,2
4692,1
4693,4
4694,4
4695,6
4696,0
4697,1
4698,1
4699,0
4700,0
4701,2
4702,2
4703,5
4704,2
4705,2
4706,0
4707,0
4708,3
4709,1
4710,2
4711,2
4712,2
4713,4
4714,2
4715,1
4716,1
4717,2
4718,3
4719,4
4720,0
4721,4
4722,0
4723,0
4724,2
4725,2
4726,1
4727,3
4728,1
4729,2
4730,2
4731,3
4732,3
4733,0
4734,0
4735,2
4736,0
4737,1
4738,1
4739,3
4740,0
4741,2
4742,1
4743,3
4744,4
4745,2
4746,3
4747,3
4748,0
4749,5
4750,2
4751,3
4752,1
4753,3
4754,2
4755,0
4756,2
4757,6
4758,1
4759,4
4760,0
4761,2
4762,2
4763,1
4764,3
4765,2
4766,1
4767,3
4768,1
4769,1
4770,1
4771,1
4772,1
4773,2
4774,5
4775,2
4776,1
4777,1
4778,1
4779,1
4780,1
4781,3
4782,0
4783,4
4784,1
4785,1
4786,2
4787,1
4788,1
4789,1
4790,3
4791,3
4792,3
4793,2
4794,2
4795,1
4796,1
4797,3
4798,1
4799,0
4800,1
4801,3
4802,2
4803,0
4804,1
4805,2
4806,3
4807,4
4808,2
4809,1
4810,0
4811,2
4812,0
4813,3
4814,1
4815,4
4816,1
4817,1
4818,2
4819,3
4820,1
4821,0
4822,5
4823,3
4824,2
4825,3
4826,4
4827,3
4828,2
4829,2
4830,2
4831,5
4832,1
4833,2
4834,2
4835,1
4836,2
4837,2
4838,0
4839,4
4840,0
4841,2
4842,2
4843,3
4844,1
4845,3
4846,5
4847,3
4848,0
4849,2
4850,0
4851,2
4852,0
4853,0
4854,2
4855,0
4856,1
4857,2
4858,4
4859,1
4860,1
4861,2
4862,6
4863,4
4864,1
4865,2
4866,2
4867,0
4868,1
4869,1
4870,3
4871,1
4872,4
4873,4
4874,0
4875,4
4876,2
4877,2
4878,1
4879,4
4880,0
4881,1
4882,1
4883,1
4884,1
4885,5
4886,4
4887,1
4888,1
4889,2
4890,4
4891,4
4892,2
4893,1
4894,5
4895,6
4896,3
4897,2
4898,0
4899,3
4900,0
4901,1
4902,5
4903,2
4904,2
4905,3
4906,4
4907,1
4908,0
4909,2
4910,4
4911,2
4912,2
4913,4
4914,1
4915,0
4916,3
4917,1
4918,3
4919,1
4920,1
4921,4
4922,6
4923,3
4924,1
4925,5
4926,4
4927,4
4928,1
4929,2
4930,3
4931,3
4932,0
4933,1
4934,2
4935,4
4936,0
4937,1
4938,2
4939,0
4940,0
4941,0
4942,4
4943,3
4944,1
4945,1
4946,0
4947,1
4948,3
4949,1
4950,2
4951,3
4952,0
4953,5
4954,4
4955,0
4956,3
4957,6
4958,3
4959,3
4960,2
4961,2
4962,2
4963,1
4964,1
4965,3
4966,5
4967,0
4968,1
4969,1
4970,0
4971,2
4972,0
4973,1
4974,5
4975,2
4976,1
4977,3
4978,2
4979,3
4980,2
4981,1
4982,6
4983,3
4984,0
4985,4
4986,3
4987,5
4988,2
4989,0
4990,2
4991,7
4992,3
4993,0
4994,1
4995,3
4996,2
4997,0
4998,4
4999,1
5000,1
5001,2
5002,2
5003,3
5004,1
5005,2
5006,3
5007,4
5008,0
5009,3
5010,4
5011,4
5012,0
5013,1
5014,2
5015,2
5016,1
5017,2
5018,4
5019,2
5020,1
5021,0
5022,5
5023,5
5024,1
5025,2
5026,1
5027,4
5028,1
5029,2
5030,6
5031,2
5032,1
5033,3
5034,0
5035,0
5036,5
5037,3
5038,2
5039,1
5040,3
5041,2
5042,1
5043,2
5044,2
5045,4
5046,2
5047,0
5048,0
5049,2
5050,2
5051,2
5052,2
5053,2
5054,0
5055,2
5056,2
5057,3
5058,1
5059,0
5060,2
5061,3
5062,3
5063,3
5064,0
5065,2
5066,4
5067,2
5068,0
5069,2
5070,0
5071,3
5072,1
5073,2
5074,0
5075,1
5076,0
5077,1
5078,1
5079,4
5080,1
5081,4
5082,1
5083,3
5084,3
5085,2
5086,4
5087,5
5088,0
5089,1
5090,0
5091,2
5092,0
5093,3
5094,0
5095,0
5096,1
5097,2
5098,2
5099,3
5100,2
5101,1
5102,2
5103,2
5104,0
5105,1
5106,0
5107,2
5108,0
5109,1
5110,3
5111,2
5112,2
5113,3
5114,2
5115,5
5116,2
5117,4
5118,3
5119,2
5120,2
5121,5
5122,0
5123,2
5124,2
5125,2
5126,3
5127,2
5128,4
5129,2
5130,1
5131,1
5132,4
5133,3
5134,3
5135,7
5136,1
5137,2
5138,0
5139,3
5140,3
5141,4
5142,0
5143,0
5144,3
5145,2
5146,2
5147,2
5148,2
5149,0
5150,1
5151,2
5152,2
5153,2
5154,1
5155,2
5156,1
5157,3
5158,3
5159,2
5160,3
5161,1
5162,0
5163,2
5164,4
5165,2
5166,2
5167,3
5168,1
5169,3
5170,1
5171,0
5172,0
5173,1
5174,2
5175,2
5176,1
5177,1
5178,1
5179,3
5180,1
5181,1
5182,2
5183,5
5184,0
5185,2
5186,0
5187,1
5188,1
5189,0
5190,2
5191,5
5192,3
5193,1
5194,2
5195,1
5196,2
5197,1
5198,1
5199,4
5200,1
5201,3
5202,0
5203,1
5204,0
5205,1
5206,1
5207,5
5208,2
5209,1
5210,2
5211,0
5212,0
5213,3
5214,1
5215,6
5216,1
5217,1
5218,3
5219,1
5220,1
5221,2
5222,2
5223,2
5224,2
5225,0
5226,1
5227,1
5228,0
5229,2
5230,1
5231,5
5232,1
5233,1
5234,1
5235,2
5236,2
5237,2
5238,3
5239,1
5240,3
5241,3
5242,0
5243,1
5244,4
5245,2
5246,2
5247,4
5248,0
5249,2
5250,0
5251,1
5252,3
5253,3
5254,3
5255,1
5256,2
5257,4
5258,3
5259,0
5260,2
5261,1
5262,1
5263,3
5264,1
5265,0
5266,1
5267,1
5268,1
5269,2
5270,3
5271,2
5272,3
5273,3
5274,7
5275,1
5276,1
5277,1
5278,6
5279,3
5280,1
5281,1
5282,0
5283,3
5284,0
5285,2
5286,4
5287,1
5288,2
5289,2
5290,3
5291,1
5292,2
5293,2
5294,1
5295,4
5296,3
5297,3
5298,2
5299,1
5300,2
5301,2
5302,2
5303,7
5304,1
5305,4
5306,2
5307,2
5308,2
5309,2
5310,3
5311,6
5312,1
5313,2
5314,0
5315,3
5316,1
5317,0
5318,3
5319,0
5320,3
5321,0
5322,3
5323,1
5324,1
5325,3
5326,2
5327,5
5328,0
5329,2
5330,1
5331,2
5332,3
5333,3
5334,2
5335,2
5336,0
5337,3
5338,1
5339,0
5340,1
5341,2
5342,3
5343,4
5344,2
5345,1
5346,3
5347,3
5348,2
5349,1
5350,2
5351,1
5352,6
5353,1
5354,5
5355,1
5356,2
5357,3
5358,2
5359,1
5360,1
5361,3
5362,3
5363,2
5364,3
5365,3
5366,3
5367,0
5368,3
5369,0
5370,1
5371,1
5372,0
5373,1
5374,5
5375,6
5376,1
5377,6
5378,2
5379,0
5380,3
5381,2
5382,5
5383,2
5384,3
5385,0
5386,2
5387,4
5388,2
5389,3
5390,2
5391,6
5392,3
5393,1
5394,0
5395,1
5396,4
5397,2
5398,1
5399,9
5400,2
5401,0
5402,0
5403,2
5404,0
5405,1
5406,3
5407,5
5408,0
5409,1
5410,3
5411,1
5412,1
5413,1
5414,1
5415,2
5416,4
5417,1
5418,3
5419,3
5420,3
5421,1
5422,1
5423,2
5424,0
5425,2
5426,3
5427,0
5428,1
5429,2
5430,3
5431,4
5432,2
5433,0
5434,2
5435,2
5436,1
5437,2
5438,3
5439,5
5440,2
5441,0
5442,0
5443,0
5444,1
5445,2
5446,1
5447,7
5448,5
5449,0
5450,4
5451,0
5452,0
5453,3
5454,6
5455,3
5456,0
5457,3
5458,1
5459,2
5460,1
5461,4
5462,3
5463,3
5464,2
5465,3
5466,1
5467,2
5468,0
5469,4
5470,2
5471,5
5472,3
5473,2
5474,2
5475,0
5476,0
5477,1
5478,2
5479,4
5480,2
5481,2
5482,2
5483,1
5484,3
5485,1
5486,1
5487,2
5488,2
5489,0
5490,2
5491,2
5492,0
5493,3
5494,3
5495,1
5496,1
5497,4
5498,4
5499,1
5500,0
5501,1
5502,4
5503,5
5504,0
5505,3
5506,2
5507,2
5508,1
5509,2
5510,3
5511,2
5512,0
5513,2
5514,2
5515,1
5516,1
5517,4
5518,2
5519,2
5520,0
5521,2
5522,2
5523,5
5524,3
5525,1
5526,6
5527,6
5528,2
5529,2
5530,4
5531,0
5532,3
5533,2
5534,5
5535,3
5536,2
5537,4
5538,3
5539,2
5540,2
5541,2
5542,6
5543,3
5544,2
5545,3
5546,4
5547,1
5548,1
5549,2
5550,5
5551,7
5552,2
5553,4
5554,0
5555,1
5556,1
5557,1
5558,2
5559,2
5560,4
5561,6
5562,4
5563,3
5564,1
5565,2
5566,4
5567,3
5568,0
5569,2
5570,3
5571,0
5572,0
5573,0
5574,3
5575,0
5576,2
5577,0
5578,3
5579,2
5580,4
5581,1
5582,0
5583,5
5584,1
5585,5
5586,2
5587,1
5588,1
5589,1
5590,3
5591,5
5592,4
5593,3
5594,2
5595,3
5596,2
5597,3
5598,6
5599,5
5600,1
5601,1
5602,1
5603,3
5604,3
5605,4
5606,9
5607,1
5608,1
5609,2
5610,2
5611,3
5612,1
5613,3
5614,2
5615,5
5616,0
5617,3
5618,1
5619,1
5620,1
5621,0
5622,7
5623,4
5624,1
5625,5
5626,3
5627,0
5628,1
5629,0
5630,4
5631,4
5632,1
5633,0
5634,2
5635,0
5636,0
5637,0
5638,3
5639,0
5640,1
5641,4
5642,2
5643,1
5644,0
5645,1
5646,3
5647,3
5648,1
5649,1
5650,2
5651,3
5652,0
5653,2
5654,1
5655,5
5656,3
5657,3
5658,1
5659,0
5660,2
5661,0
5662,2
5663,4
5664,1
5665,1
5666,2
5667,1
5668,1
5669,0
5670,2
5671,1
5672,2
5673,5
5674,3
5675,0
5676,2
5677,0
5678,4
5679,1
5680,3
5681,1
5682,2
5683,2
5684,1
5685,1
5686,3
5687,3
5688,1
5689,0
5690,3
5691,2
5692,0
5693,1
5694,0
5695,3
5696,1
5697,2
5698,0
5699,0
5700,1
5701,0
5702,0
5703,2
5704,2
5705,3
5706,2
5707,1
5708,2
5709,2
5710,0
5711,0
5712,0
5713,1
5714,2
5715,0
5716,0
5717,0
5718,3
5719,0
5720,0
5721,0
5722,0
5723,2
5724,0
5725,1
5726,2
5727,4
5728,0
5729,1
5730,1
5731,0
5732,0
5733,1
5734,2
5735,0
5736,2
5737,3
5738,1
5739,0
5740,0
5741,2
5742,4
5743,1
5744,1
5745,0
5746,1
5747,2
5748,0
5749,2
5750,2
5751,2
5752,2
5753,1
5754,3
5755,1
5756,2
5757,0
5758,1
5759,1
5760,0
5761,3
5762,2
5763,2
5764,0
5765,0
5766,1
5767,2
5768,1
5769,1
5770,2
5771,0
5772,1
5773,0
5774,1
5775,1
5776,0
5777,0
5778,1
5779,0
5780,1
5781,2
5782,2
5783,0
5784,2
5785,6
5786,2
5787,2
5788,2
5789,3
5790,0
5791,1
5792,2
5793,1
5794,1
5795,1
5796,3
5797,3
5798,1
5799,0
5800,0
5801,2
5802,1
5803,1
5804,1
5805,1
5806,3
5807,3
5808,3
5809,0
5810,0
5811,2
5812,1
5813,0
5814,3
5815,1
5816,0
5817,0
5818,1
5819,0
5820,2
5821,0
5822,2
5823,5
5824,1
5825,1
5826,1
5827,0
5828,1
5829,3
5830,3
5831,0
5832,1
5833,2
5834,1
5835,1
5836,2
5837,1
5838,3
5839,0
5840,0
5841,2
5842,2
5843,0
5844,0
5845,0
5846,1
5847,1
5848,5
5849,4
5850,1
5851,0
5852,2
5853,0
5854,2
5855,5
5856,0
5857,3
5858,0
5859,1
5860,2
5861,1
5862,1
5863,3
5864,0
5865,3
5866,3
5867,0
5868,0
5869,1
5870,3
5871,5
5872,0
5873,2
5874,4
5875,1
5876,0
5877,1
5878,2
5879,1
5880,1
5881,1
5882,0
5883,1
5884,1
5885,1
5886,3
5887,2
5888,0
5889,2
5890,0
5891,0
5892,2
5893,1
5894,2
5895,1
5896,0
5897,2
5898,0
5899,1
5900,1
5901,1
5902,2
5903,1
5904,1
5905,2
5906,2
5907,0
5908,1
5909,0
5910,2
5911,0
5912,1
5913,0
5914,2
5915,1
5916,3
5917,0
5918,1
5919,2
5920,2
5921,1
5922,1
5923,0
5924,0
5925,0
5926,0
5927,4
5928,0
5929,1
5930,1
5931,0
5932,2
5933,3
5934,0
5935,1
5936,1
5937,3
5938,2
5939,1
5940,0
5941,2
5942,1
5943,0
5944,1
5945,0
5946,2
5947,0
5948,2
5949,3
5950,2
5951,2
5952,0
5953,0
5954,1
5955,4
5956,1
5957,2
5958,1
5959,3
5960,1
5961,1
5962,2
5963,0
5964,1
5965,1
5966,1
5967,1
5968,4
5969,2
5970,1
5971,0
5972,1
5973,2
5974,0
5975,5
5976,0
5977,0
5978,0
5979,0
5980,1
5981,0
5982,0
5983,1
5984,0
5985,1
5986,2
5987,1
5988,2
5989,2
5990,2
5991,0
5992,4
5993,1
5994,3
5995,2
5996,6
5997,0
5998,3
5999,1
6000,1
6001,1
6002,1
6003,1
6004,0
6005,1
6006,1
6007,1
6008,4
6009,1
6010,2
6011,1
6012,0
6013,0
6014,2
6015,2
6016,2
6017,2
6018,1
6019,1
6020,0
6021,0
6022,1
6023,0
6024,0
6025,1
6026,2
6027,2
6028,1
6029,0
6030,0
6031,0
6032,0
6033,1
6034,0
6035,0
6036,1
6037,2
6038,1
6039,1
6040,0
6041,1
6042,3
6043,1
6044,1
6045,4
6046,1
6047,1
6048,0
6049,1
6050,1
6051,0
6052,1
6053,0
6054,0
6055,0
6056,1
6057,0
6058,1
6059,1
6060,1
6061,1
6062,3
6063,1
6064,3
6065,1
6066,0
6067,3
6068,0
6069,0
6070,2
6071,2
6072,1
6073,3
6074,0
6075,1
6076,1
6077,0
6078,0
6079,0
6080,0
6081,1
6082,2
6083,1
6084,1
6085,3
6086,1
6087,0
6088,3
6089,2
6090,1
6091,1
6092,2
6093,0
6094,1
6095,1
6096,0
6097,1
6098,0
6099,1
6100,0
6101,3
6102,3
6103,1
6104,1
6105,1
6106,2
6107,1
6108,1
6109,1
6110,3
6111,3
6112,2
6113,0
6114,2
6115,2
6116,1
6117,2
6118,0
6119,0
6120,0
6121,2
6122,1
6123,0
6124,1
6125,1
6126,2
6127,4
6128,0
6129,0
6130,1
6131,0
6132,1
6133,0
6134,1
6135,3
6136,3
6137,0
6138,1
6139,1
6140,0
6141,1
6142,2
6143,6
6144,0
6145,1
6146,0
6147,0
6148,0
6149,0
6150,1
6151,2
6152,1
6153,2
6154,2
6155,0
6156,1
6157,1
6158,1
6159,0
6160,1
6161,0
6162,1
6163,0
6164,0
6165,1
6166,0
6167,0
6168,3
6169,2
6170,2
6171,2
6172,2
6173,0
6174,2
6175,0
6176,2
6177,0
6178,1
6179,0
6180,0
6181,0
6182,0
6183,1
6184,4
6185,1
6186,2
6187,1
6188,2
6189,0
6190,2
6191,0
6192,1
6193,0
6194,1
6195,1
6196,0
6197,1
6198,0
6199,0
6200,3
6201,0
6202,0
6203,0
6204,0
6205,0
6206,0
6207,1
6208,0
6209,0
6210,0
6211,2
6212,1
6213,0
6214,1
6215,1
6216,1
6217,1
6218,1
6219,2
6220,1
6221,0
6222,0
6223,0
6224,1
6225,0
6226,2
6227,2
6228,0
6229,1
6230,1
6231,2
6232,0
6233,0
6234,1
6235,1
6236,0
6237,2
6238,1
6239,1
6240,0
6241,1
6242,1
6243,3
6244,1
6245,1
6246,0
6247,0
6248,0
6249,4
6250,2
6251,0
6252,0
6253,0
6254,0
6255,1
6256,2
6257,1
6258,0
6259,0
6260,0
6261,0
6262,1
6263,2
6264,1
6265,2
6266,1
6267,1
6268,0
6269,0
6270,1
6271,0
6272,1
6273,1
6274,1
6275,1
6276,1
6277,0
6278,0
6279,1
6280,0
6281,0
6282,0
6283,0
6284,0
6285,0
6286,0
6287,0
6288,0
6289,1
6290,1
6291,0
6292,0
6293,0
6294,0
6295,0
6296,2
6297,0
6298,0
6299,0
6300,1
6301,1
6302,1
6303,0
6304,1
6305,0
6306,0
6307,0
6308,0
6309,1
6310,1
6311,1
6312,1
6313,1
6314,1
6315,0
6316,3
6317,0
6318,0
6319,0
6320,2
6321,2
6322,0
6323,0
6324,0
6325,0
6326,0
6327,0
6328,0
6329,1
6330,1
6331,0
6332,0
6333,0
6334,0
6335,0
6336,0
6337,0
6338,0
6339,1
6340,1
6341,0
6342,1
6343,0
6344,0
6345,0
6346,1
6347,0
6348,0
6349,0
6350,0
6351,1
6352,2
6353,0
6354,0
6355,0
6356,2
6357,1
6358,0
6359,0
6360,1
6361,0
6362,1
6363,0
6364,1
6365,0
6366,0
6367,2
6368,0
6369,0
6370,0
6371,0
6372,1
6373,0
6374,0
6375,0
6376,1
6377,2
6378,2
6379,0
6380,1
6381,1
6382,1
6383,2
6384,1
6385,2
6386,0
6387,1
6388,1
6389,0
6390,0
6391,0
6392,1
6393,0
6394,1
6395,0
6396,0
6397,1
6398,1
6399,1
6400,0
6401,1
6402,1
6403,1
6404,0
6405,1
6406,0
6407,1
6408,2
6409,3
6410,2
6411,0
6412,2
6413,0
6414,0
6415,1
6416,0
6417,0
6418,2
6419,1
6420,0
6421,0
6422,0
6423,0
6424,0
6425,2
6426,1
6427,0
6428,0
6429,1
6430,1
6431,0
6432,2
6433,2
6434,0
6435,0
6436,1
6437,0
6438,2
6439,0
6440,1
6441,0
6442,2
6443,0
6444,2
6445,2
6446,0
6447,0
6448,3
6449,3
6450,1
6451,0
6452,0
6453,0
6454,0
6455,1
6456,1
6457,0
6458,1
6459,1
6460,1
6461,1
6462,0
6463,0
6464,1
6465,1
6466,4
6467,0
6468,0
6469,0
6470,0
6471,0
6472,1
6473,2
6474,1
6475,1
6476,0
6477,0
6478,1
6479,1
6480,1
6481,0
6482,0
6483,2
6484,0
6485,0
6486,0
6487,1
6488,3
6489,1
6490,0
6491,0
6492,1
6493,0
6494,2
6495,1
6496,0
6497,5
6498,1
6499,0
6500,1
6501,1
6502,0
6503,1
6504,1
6505,0
6506,0
6507,1
6508,1
6509,0
6510,2
6511,0
6512,0
6513,3
6514,2
6515,1
6516,1
6517,0
6518,1
6519,0
6520,0
6521,0
6522,4
6523,0
6524,0
6525,0
6526,0
6527,0
6528,0
6529,1
6530,0
6531,1
6532,0
6533,1
6534,0
6535,2
6536,0
6537,0
6538,0
6539,0
6540,2
6541,0
6542,0
6543,2
6544,2
6545,1
6546,3
6547,0
6548,0
6549,0
6550,0
6551,3
6552,3
6553,1
6554,3
6555,1
6556,0
6557,1
6558,1
6559,1
6560,1
6561,1
6562,1
6563,2
6564,2
6565,1
6566,0
6567,0
6568,3
6569,0
6570,1
6571,1
6572,1
6573,0
6574,3
6575,0
6576,1
6577,0
6578,0
6579,0
6580,1
6581,0
6582,0
6583,1
6584,1
6585,0
6586,4
6587,0
6588,2
6589,1
6590,0
6591,1
6592,0
6593,1
6594,0
6595,0
6596,0
6597,0
6598,0
6599,0
6600,1
6601,0
6602,0
6603,1
6604,0
6605,0
6606,0
6607,1
6608,0
6609,2
6610,0
6611,0
6612,2
6613,0
6614,1
6615,1
6616,1
6617,2
6618,0
6619,1
6620,3
6621,0
6622,0
6623,1
6624,2
6625,1
6626,0
6627,0
6628,1
6629,1
6630,1
6631,1
6632,0
6633,1
6634,3
6635,0
6636,1
6637,1
6638,1
6639,1
6640,0
6641,1
6642,0
6643,0
6644,0
6645,0
6646,2
6647,1
6648,0
6649,0
6650,2
6651,0
6652,1
6653,0
6654,0
6655,2
6656,1
6657,1
6658,1
6659,1
6660,0
6661,0
6662,1
6663,0
6664,3
6665,0
6666,2
6667,0
6668,2
6669,1
6670,0
6671,0
6672,3
6673,0
6674,0
6675,0
6676,0
6677,2
6678,3
6679,2
6680,0
6681,0
6682,1
6683,0
6684,2
6685,0
6686,0
6687,3
6688,2
6689,1
6690,0
6691,0
6692,1
6693,0
6694,0
6695,0
6696,0
6697,0
6698,1
6699,1
6700,1
6701,0
6702,0
6703,0
6704,3
6705,3
6706,0
6707,0
6708,1
6709,0
6710,0
6711,0
6712,0
6713,0
6714,2
6715,0
6716,1
6717,1
6718,0
6719,2
6720,0
6721,0
6722,1
6723,0
6724,0
6725,1
6726,0
6727,0
6728,3
6729,0
6730,1
6731,0
6732,1
6733,1
6734,0
6735,0
6736,1
6737,0
6738,2
6739,0
6740,2
6741,0
6742,0
6743,0
6744,0
6745,0
6746,3
6747,0
6748,0
6749,0
6750,0
6751,1
6752,0
6753,0
6754,0
6755,0
6756,1
6757,1
6758,0
6759,0
6760,2
6761,0
6762,2
6763,1
6764,0
6765,1
6766,0
6767,0
6768,0
6769,0
6770,1
6771,0
6772,0
6773,0
6774,1
6775,0
6776,0
6777,0
6778,2
6779,0
6780,3
6781,0
6782,0
6783,0
6784,2
6785,1
6786,1
6787,0
6788,0
6789,0
6790,2
6791,0
6792,2
6793,0
6794,1
6795,0
6796,1
6797,0
6798,2
6799,0
6800,0
6801,0
6802,1
6803,0
6804,0
6805,0
6806,0
6807,0
6808,0
6809,2
6810,2
6811,0
6812,1
6813,0
6814,2
6815,2
6816,1
6817,0
6818,1
6819,0
6820,2
6821,0
6822,0
6823,0
6824,0
6825,0
6826,1
6827,0
6828,3
6829,0
6830,1
6831,0
6832,1
6833,1
6834,0
6835,0
6836,0
6837,1
6838,1
6839,1
6840,0
6841,0
6842,1
6843,0
6844,0
6845,1
6846,0
6847,0
6848,0
6849,0
6850,0
6851,0
6852,0
6853,0
6854,0
6855,1
6856,0
6857,0
6858,0
6859,1
6860,1
6861,1
6862,1
6863,0
6864,0
6865,0
6866,0
6867,0
6868,1
6869,0
6870,1
6871,1
6872,2
6873,1
6874,0
6875,0
6876,1
6877,0
6878,1
6879,0
6880,0
6881,0
6882,1
6883,0
6884,1
6885,2
6886,0
6887,0
6888,1
6889,1
6890,1
6891,2
6892,1
6893,0
6894,1
6895,2
6896,0
6897,1
6898,2
6899,0
6900,1
6901,1
6902,0
6903,0
6904,0
6905,0
6906,0
6907,1
6908,0
6909,0
6910,0
6911,1
6912,0
6913,1
6914,1
6915,0
6916,0
6917,0
6918,1
6919,0
6920,2
6921,0
6922,0
6923,0
6924,1
6925,0
6926,1
6927,4
6928,0
6929,1
6930,2
6931,0
6932,0
6933,0
6934,1
6935,0
6936,2
6937,0
6938,0
6939,0
6940,1
6941,0
6942,1
6943,1
6944,3
6945,0
6946,0
6947,1
6948,0
6949,0
6950,0
6951,0
6952,1
6953,1
6954,1
6955,0
6956,0
6957,0
6958,1
6959,0
6960,0
6961,1
6962,0
6963,0
6964,0
6965,0
6966,0
6967,1
6968,1
6969,0
6970,2
6971,0
6972,0
6973,0
6974,0
6975,1
6976,2
6977,0
6978,2
6979,0
6980,1
6981,0
6982,1
6983,1
6984,1
6985,0
6986,1
6987,1
6988,0
6989,0
6990,1
6991,0
6992,3
6993,0
6994,0
6995,1
6996,0
6997,0
6998,0
6999,0
7000,1
7001,0
7002,0
7003,0
7004,0
7005,1
7006,1
7007,1
7008,2
7009,0
7010,1
7011,0
7012,0
7013,0
7014,1
7015,0
7016,0
7017,0
7018,1
7019,0
7020,0
7021,0
7022,0
7023,0
7024,0
7025,0
7026,0
7027,0
7028,1
7029,0
7030,0
7031,0
7032,3
7033,0
7034,0
7035,0
7036,0
7037,0
7038,1
7039,0
7040,1
7041,0
7042,0
7043,0
7044,0
7045,0
7046,0
7047,0
7048,0
7049,0
7050,0
7051,0
7052,0
7053,0
7054,1
7055,0
7056,1
7057,0
7058,0
7059,1
7060,0
7061,1
7062,1
7063,0
7064,0
7065,0
7066,2
7067,0
7068,0
7069,0
7070,0
7071,1
7072,0
7073,0
7074,1
7075,0
7076,0
7077,1
7078,0
7079,0
7080,1
7081,0
7082,1
7083,0
7084,1
7085,0
7086,0
7087,0
7088,0
7089,0
7090,0
7091,0
7092,0
7093,0
7094,0
7095,0
7096,1
7097,0
7098,0
7099,0
7100,0
7101,0
7102,1
7103,4
7104,1
7105,2
7106,1
7107,1
7108,0
7109,0
7110,0
7111,1
7112,1
7113,0
7114,1
7115,0
7116,1
7117,0
7118,0
7119,0
7120,0
7121,0
7122,0
7123,0
7124,0
7125,0
7126,0
7127,1
7128,1
7129,0
7130,1
7131,0
7132,1
7133,0
7134,0
7135,0
7136,2
7137,2
7138,0
7139,1
7140,0
7141,0
7142,1
7143,0
7144,0
7145,0
7146,2
7147,0
7148,0
7149,0
7150,0
7151,0
7152,0
7153,0
7154,0
7155,0
7156,2
7157,0
7158,3
7159,1
7160,0
7161,0
7162,0
7163,1
7164,2
7165,0
7166,0
7167,2
7168,0
7169,2
7170,0
7171,1
7172,1
7173,1
7174,0
7175,1
7176,0
7177,0
7178,1
7179,0
7180,1
7181,0
7182,1
7183,0
7184,2
7185,2
7186,0
7187,0
7188,0
7189,1
7190,1
7191,0
7192,1
7193,0
7194,0
7195,0
7196,0
7197,1
7198,0
7199,0
7200,1
7201,0
7202,1
7203,0
7204,2
7205,1
7206,0
7207,0
7208,0
7209,0
7210,0
7211,1
7212,1
7213,1
7214,2
7215,0
7216,0
7217,1
7218,1
7219,0
7220,2
7221,1
7222,2
7223,2
7224,1
7225,0
7226,0
7227,0
7228,1
7229,0
7230,0
7231,1
7232,0
7233,0
7234,0
7235,0
7236,0
7237,0
7238,1
7239,2
7240,1
7241,0
7242,0
7243,0
7244,2
7245,0
7246,0
7247,2
7248,0
7249,1
7250,1
7251,0
7252,0
7253,0
7254,1
7255,0
7256,2
7257,1
7258,3
7259,1
7260,0
7261,0
7262,0
7263,0
7264,1
7265,0
7266,1
7267,1
7268,1
7269,0
7270,0
7271,0
7272,0
7273,0
7274,0
7275,0
7276,1
7277,0
7278,0
7279,0
7280,1
7281,1
7282,0
7283,0
7284,0
7285,0
7286,1
7287,1
7288,2
7289,2
7290,0
7291,0
7292,1
7293,1
7294,0
7295,1
7296,0
7297,1
7298,2
7299,0
7300,0
7301,0
7302,1
7303,1
7304,1
7305,0
7306,0
7307,1
7308,0
7309,0
7310,0
7311,0
7312,0
7313,0
7314,0
7315,0
7316,0
7317,0
7318,0
7319,0
7320,0
7321,1
7322,0
7323,0
7324,0
7325,1
7326,0
7327,0
7328,0
7329,0
7330,2
7331,0
7332,1
7333,0
7334,1
7335,1
7336,2
7337,1
7338,1
7339,0
7340,0
7341,0
7342,0
7343,1
7344,0
7345,0
7346,0
7347,0
7348,2
7349,1
7350,1
7351,0
7352,1
7353,0
7354,1
7355,0
7356,1
7357,1
7358,0
7359,0
7360,0
7361,1
7362,1
7363,0
7364,0
7365,0
7366,1
7367,1
7368,0
7369,0
7370,0
7371,1
7372,1
7373,0
7374,0
7375,1
7376,3
7377,1
7378,1
7379,1
7380,1
7381,1
7382,0
7383,0
7384,0
7385,0
7386,2
7387,0
7388,1
7389,0
7390,2
7391,1
7392,2
7393,0
7394,1
7395,1
7396,0
7397,2
7398,0
7399,0
7400,0
7401,0
7402,2
7403,0
7404,1
7405,0
7406,1
7407,0
7408,0
7409,0
7410,0
7411,0
7412,0
7413,0
7414,1
7415,0
7416,1
7417,0
7418,3
7419,0
7420,1
7421,0
7422,0
7423,1
7424,0
7425,0
7426,0
7427,0
7428,0
7429,0
7430,1
7431,0
7432,1
7433,0
7434,1
7435,0
7436,0
7437,0
7438,0
7439,0
7440,1
7441,1
7442,0
7443,0
7444,0
7445,0
7446,0
7447,0
7448,2
7449,0
7450,0
7451,0
7452,2
7453,1
7454,1
7455,1
7456,1
7457,0
7458,0
7459,1
7460,0
7461,1
7462,0
7463,0
7464,1
7465,1
7466,1
7467,0
7468,1
7469,0
7470,2
7471,0
7472,1
7473,1
7474,0
7475,1
7476,1
7477,0
7478,0
7479,0
7480,0
7481,1
7482,1
7483,0
7484,0
7485,0
7486,0
7487,0
7488,1
7489,1
7490,0
7491,1
7492,1
7493,0
7494,0
7495,0
7496,2
7497,0
7498,1
7499,1
7500,0
7501,0
7502,1
7503,0
7504,0
7505,0
7506,2
7507,0
7508,1
7509,0
7510,1
7511,1
7512,1
7513,0
7514,2
7515,0
7516,0
7517,0
7518,1
7519,0
7520,0
7521,1
7522,1
7523,1
7524,0
7525,0
7526,0
7527,1
7528,0
7529,0
7530,0
7531,0
7532,0
7533,0
7534,0
7535,0
7536,1
7537,0
7538,0
7539,1
7540,0
7541,0
7542,0
7543,0
7544,3
7545,0
7546,1
7547,0
7548,0
7549,0
7550,0
7551,0
7552,0
7553,0
7554,0
7555,1
7556,2
7557,0
7558,1
7559,1
7560,2
7561,1
7562,1
7563,0
7564,0
7565,1
7566,0
7567,0
7568,3
7569,0
7570,1
7571,1
7572,1
7573,1
7574,0
7575,1
7576,0
7577,0
7578,0
7579,0
7580,1
7581,1
7582,1
7583,0
7584,3
7585,0
7586,1
7587,1
7588,0
7589,0
7590,1
7591,1
7592,1
7593,0
7594,0
7595,0
7596,1
7597,1
7598,2
7599,0
7600,1
7601,1
7602,0
7603,0
7604,0
7605,0
7606,2
7607,0
7608,2
7609,0
7610,5
7611,0
7612,0
7613,1
7614,0
7615,2
7616,3
7617,0
7618,0
7619,1
7620,0
7621,0
7622,0
7623,0
7624,0
7625,0
7626,1
7627,1
7628,0
7629,1
7630,0
7631,0
7632,2
7633,0
7634,1
7635,0
7636,1
7637,0
7638,4
7639,0
7640,1
7641,0
7642,1
7643,0
7644,1
7645,1
7646,1
7647,0
7648,1
7649,0
7650,0
7651,0
7652,0
7653,0
7654,2
7655,0
7656,1
7657,1
7658,0
7659,1
7660,0
7661,0
7662,0
7663,0
7664,1
7665,0
7666,0
7667,0
7668,0
7669,0
7670,3
7671,0
7672,2
7673,0
7674,0
7675,0
7676,1
7677,0
7678,0
7679,0
7680,2
7681,0
7682,1
7683,0
7684,1
7685,0
7686,2
7687,1
7688,0
7689,0
7690,1
7691,1
7692,0
7693,1
7694,0
7695,1
7696,2
7697,0
7698,0
7699,0
7700,0
7701,0
7702,2
7703,1
7704,1
7705,1
7706,1
7707,1
7708,1
7709,0
7710,0
7711,0
7712,0
7713,0
7714,0
7715,2
7716,0
7717,0
7718,1
7719,1
7720,2
7721,1
7722,2
7723,0
7724,1
7725,0
7726,1
7727,3
7728,1
7729,0
7730,1
7731,1
7732,0
7733,0
7734,1
7735,0
7736,3
7737,1
7738,1
7739,0
7740,0
7741,0
7742,0
7743,1
7744,1
7745,0
7746,1
7747,1
7748,0
7749,1
7750,1
7751,1
7752,0
7753,0
7754,0
7755,0
7756,0
7757,0
7758,0
7759,2
7760,1
7761,0
7762,0
7763,0
7764,1
7765,1
7766,0
7767,0
7768,1
7769,2
7770,0
7771,1
7772,0
7773,0
7774,1
7775,0
7776,0
7777,1
7778,0
7779,0
7780,1
7781,2
7782,0
7783,0
7784,3
7785,0
7786,0
7787,0
7788,1
7789,0
7790,1
7791,1
7792,0
7793,2
7794,0
7795,0
7796,0
7797,0
7798,1
7799,0
7800,1
7801,1
7802,2
7803,0
7804,2
7805,0
7806,0
7807,0
7808,0
7809,1
7810,1
7811,0
7812,0
7813,0
7814,0
7815,2
7816,2
7817,0
7818,1
7819,0
7820,1
7821,0
7822,0
7823,0
7824,0
7825,0
7826,0
7827,0
7828,1
7829,0
7830,1
7831,0
7832,0
7833,0
7834,0
7835,1
7836,2
7837,0
7838,2
7839,0
7840,0
7841,0
7842,1
7843,0
7844,0
7845,1
7846,0
7847,1
7848,0
7849,1
7850,0
7851,0
7852,0
7853,0
7854,0
7855,0
7856,0
7857,0
7858,0
7859,0
7860,0
7861,0
7862,0
7863,0
7864,2
7865,1
7866,2
7867,0
7868,0
7869,1
7870,1
7871,1
7872,1
7873,1
7874,0
7875,0
7876,2
7877,0
7878,1
7879,0
7880,1
7881,0
7882,1
7883,0
7884,1
7885,1
7886,0
7887,0
7888,0
7889,0
7890,0
7891,0
7892,1
7893,0
7894,0
7895,1
7896,1
7897,1
7898,0
7899,0
7900,0
7901,0
7902,0
7903,1
7904,0
7905,0
7906,0
7907,0
7908,2
7909,0
7910,1
7911,1
7912,1
7913,0
7914,0
7915,0
7916,1
7917,0
7918,1
7919,1
7920,2
7921,0
7922,0
7923,0
7924,0
7925,1
7926,0
7927,0
7928,0
7929,0
7930,2
7931,1
7932,2
7933,1
7934,0
7935,0
7936,0
7937,0
7938,0
7939,0
7940,1
7941,1
7942,1
7943,0
7944,0
7945,2
7946,0
7947,0
7948,2
7949,0
7950,0
7951,2
7952,0
7953,0
7954,0
7955,0
7956,0
7957,0
7958,0
7959,1
7960,1
7961,0
7962,0
7963,1
7964,2
7965,0
7966,0
7967,0
7968,0
7969,0
7970,0
7971,1
7972,0
7973,0
7974,0
7975,0
7976,0
7977,0
7978,0
7979,1
7980,0
7981,0
7982,0
7983,0
7984,1
7985,1
7986,2
7987,0
7988,1
7989,1
7990,0
7991,2
7992,3
7993,0
7994,1
7995,0
7996,1
7997,0
7998,0
7999,0
8000,1
8001,1
8002,1
8003,1
8004,2
8005,0
8006,1
8007,1
8008,0
8009,0
8010,1
8011,0
8012,1
8013,1
8014,1
8015,0
8016,2
8017,1
8018,0
8019,1
8020,0
8021,0
8022,0
8023,1
8024,1
8025,0
8026,0
8027,0
8028,1
8029,0
8030,0
8031,0
8032,0
8033,0
8034,1
8035,0
8036,0
8037,1
8038,0
8039,0
8040,1
8041,1
8042,1
8043,0
8044,0
8045,0
8046,3
8047,0
8048,2
8049,1
8050,1
8051,0
8052,0
8053,0
8054,0
8055,1
8056,2
8057,1
8058,1
8059,0
8060,0
8061,0
8062,1
8063,0
8064,0
8065,0
8066,1
8067,0
8068,2
8069,0
8070,1
8071,2
8072,1
8073,0
8074,2
8075,1
8076,1
8077,1
8078,0
8079,1
8080,0
8081,0
8082,0
8083,0
8084,0
8085,0
8086,0
8087,0
8088,1
8089,1
8090,1
8091,0
8092,0
8093,0
8094,1
8095,1
8096,1
8097,0
8098,1
8099,0
8100,0
8101,2
8102,0
8103,0
8104,0
8105,0
8106,0
8107,0
8108,1
8109,0
8110,0
8111,1
8112,1
8113,1
8114,0
8115,0
8116,0
8117,0
8118,0
8119,0
8120,2
8121,1
8122,1
8123,0
8124,0
8125,0
8126,1
8127,0
8128,1
8129,0
8130,0
8131,1
8132,0
8133,1
8134,1
8135,1
8136,1
8137,0
8138,0
8139,0
8140,0
8141,0
8142,1
8143,2
8144,0
8145,1
8146,0
8147,0
8148,0
8149,0
8150,1
8151,0
8152,1
8153,1
8154,0
8155,0
8156,1
8157,0
8158,0
8159,1
8160,1
8161,0
8162,1
8163,0
8164,2
8165,1
8166,0
8167,0
8168,2
8169,0
8170,2
8171,0
8172,2
8173,1
8174,1
8175,0
8176,1
8177,1
8178,1
8179,1
8180,0
8181,0
8182,0
8183,0
8184,1
8185,0
8186,0
8187,1
8188,0
8189,1
8190,0
8191,0
8192,0
8193,2
8194,2
8195,1
8196,1
8197,0
8198,2
8199,0
8200,0
8201,2
8202,4
8203,1
8204,1
8205,1
8206,2
8207,1
8208,0
8209,0
8210,2
8211,0
8212,0
8213,0
8214,4
8215,1
8216,1
8217,2
8218,2
8219,0
8220,1
8221,1
8222,1
8223,1
8224,0
8225,1
8226,0
8227,1
8228,0
8229,2
8230,1
8231,0
8232,1
8233,0
8234,1
8235,1
8236,1
8237,1
8238,1
8239,0
8240,3
8241,0
8242,1
8243,2
8244,0
8245,1
8246,2
8247,2
8248,0
8249,2
8250,2
8251,0
8252,0
8253,0
8254,1
8255,1
8256,0
8257,0
8258,1
8259,0
8260,1
8261,1
8262,0
8263,3
8264,1
8265,1
8266,2
8267,0
8268,1
8269,0
8270,4
8271,1
8272,3
8273,1
8274,0
8275,0
8276,0
8277,2
8278,2
8279,2
8280,4
8281,0
8282,0
8283,1
8284,1
8285,1
8286,4
8287,3
8288,2
8289,2
8290,0
8291,1
8292,0
8293,0
8294,1
8295,2
8296,1
8297,1
8298,2
8299,1
8300,1
8301,3
8302,1
8303,0
8304,1
8305,2
8306,0
8307,1
8308,0
8309,0
8310,2
8311,1
8312,0
8313,1
8314,3
8315,2
8316,2
8317,1
8318,2
8319,2
8320,1
8321,0
8322,1
8323,1
8324,2
8325,0
8326,3
8327,3
8328,2
8329,0
8330,5
8331,0
8332,1
8333,1
8334,3
8335,0
8336,1
8337,3
8338,4
8339,0
8340,2
8341,1
8342,1
8343,1
8344,0
8345,0
8346,1
8347,0
8348,6
8349,2
8350,3
8351,2
8352,0
8353,2
8354,0
8355,1
8356,3
8357,2
8358,2
8359,3
8360,0
8361,0
8362,1
8363,1
8364,4
8365,1
8366,3
8367,1
8368,0
8369,2
8370,0
8371,0
8372,1
8373,1
8374,2
8375,0
8376,1
8377,2
8378,1
8379,1
8380,0
8381,0
8382,4
8383,1
8384,1
8385,3
8386,0
8387,0
8388,1
8389,0
8390,1
8391,1
8392,0
8393,3
8394,0
8395,3
8396,0
8397,2
8398,2
8399,1
8400,0
8401,3
8402,0
8403,0
8404,0
8405,2
8406,2
8407,0
8408,2
8409,0
8410,1
8411,1
8412,0
8413,1
8414,4
8415,3
8416,1
8417,2
8418,0
8419,0
8420,3
8421,0
8422,1
8423,1
8424,0
8425,2
8426,0
8427,0
8428,0
8429,1
8430,2
8431,2
8432,1
8433,1
8434,0
8435,1
8436,1
8437,0
8438,0
8439,0
8440,0
8441,0
8442,4
8443,0
8444,2
8445,2
8446,3
8447,2
8448,3
8449,1
8450,0
8451,1
8452,2
8453,4
8454,0
8455,0
8456,4
8457,3
8458,0
8459,1
8460,0
8461,1
8462,3
8463,0
8464,2
8465,0
8466,1
8467,1
8468,0
8469,3
8470,2
8471,0
8472,1
8473,1
8474,2
8475,0
8476,3
8477,0
8478,3
8479,2
8480,1
8481,2
8482,2
8483,0
8484,1
8485,1
8486,1
8487,1
8488,2
8489,0
8490,2
8491,0
8492,1
8493,0
8494,1
8495,3
8496,0
8497,4
8498,0
8499,0
8500,0
8501,0
8502,0
8503,1
8504,1
8505,1
8506,2
8507,3
8508,2
8509,0
8510,2
8511,5
8512,1
8513,3
8514,0
8515,3
8516,0
8517,1
8518,2
8519,1
8520,1
8521,0
8522,0
8523,1
8524,2
8525,1
8526,2
8527,4
8528,1
8529,2
8530,1
8531,1
8532,2
8533,1
8534,2
8535,0
8536,4
8537,0
8538,3
8539,2
8540,1
8541,2
8542,5
8543,0
8544,2
8545,1
8546,2
8547,0
8548,1
8549,0
8550,2
8551,0
8552,1
8553,1
8554,3
8555,1
8556,1
8557,1
8558,1
8559,2
8560,3
8561,0
8562,3
8563,0
8564,0
8565,2
8566,5
8567,0
8568,0
8569,0
8570,1
8571,2
8572,5
8573,2
8574,4
8575,3
8576,0
8577,1
8578,1
8579,2
8580,0
8581,3
8582,3
8583,1
8584,1
8585,1
8586,5
8587,1
8588,2
8589,1
8590,7
8591,0
8592,2
8593,1
8594,0
8595,0
8596,1
8597,1
8598,3
8599,2
8600,3
8601,0
8602,2
8603,0
8604,1
8605,2
8606,7
8607,4
8608,0
8609,0
8610,1
8611,1
8612,2
8613,0
8614,0
8615,0
8616,2
8617,1
8618,1
8619,1
8620,1
8621,1
8622,1
8623,0
8624,1
8625,0
8626,1
8627,1
8628,0
8629,2
8630,4
8631,2
8632,1
8633,1
8634,4
8635,0
8636,1
8637,1
8638,2
8639,2
8640,0
8641,1
8642,0
8643,2
8644,4
8645,4
8646,3
8647,1
8648,4
8649,3
8650,1
8651,0
8652,0
8653,0
8654,1
8655,2
8656,3
8657,1
8658,2
8659,1
8660,0
8661,1
8662,0
8663,1
8664,0
8665,1
8666,4
8667,1
8668,0
8669,0
8670,1
8671,4
8672,0
8673,0
8674,0
8675,0
8676,3
8677,1
8678,1
8679,1
8680,2
8681,4
8682,0
8683,2
8684,0
8685,2
8686,0
8687,0
8688,0
8689,1
8690,2
8691,0
8692,1
8693,0
8694,4
8695,3
8696,2
8697,0
8698,1
8699,2
8700,2
8701,1
8702,2
8703,2
8704,1
8705,1
8706,0
8707,1
8708,2
8709,2
8710,1
8711,3
8712,2
8713,1
8714,0
8715,0
8716,0
8717,3
8718,3
8719,0
8720,1
8721,1
8722,0
8723,1
8724,2
8725,1
8726,1
8727,2
8728,1
8729,1
8730,1
8731,3
8732,1
8733,0
8734,0
8735,2
8736,2
8737,3
8738,0
8739,2
8740,1
8741,2
8742,1
8743,1
8744,3
8745,0
8746,2
8747,0
8748,1
8749,0
8750,1
8751,2
8752,1
8753,3
8754,0
8755,1
8756,1
8757,0
8758,3
8759,0
8760,3
8761,1
8762,0
8763,0
8764,2
8765,0
8766,4
8767,3
8768,0
8769,1
8770,1
8771,1
8772,0
8773,0
8774,3
8775,2
8776,0
8777,4
8778,1
8779,1
8780,1
8781,1
8782,3
8783,2
8784,2
8785,0
8786,0
8787,1
8788,1
8789,2
8790,2
8791,2
8792,0
8793,1
8794,0
8795,0
8796,3
8797,1
8798,1
8799,3
8800,0
8801,0
8802,1
8803,0
8804,1
8805,1
8806,1
8807,1
8808,1
8809,1
8810,1
8811,1
8812,1
8813,1
8814,1
8815,4
8816,1
8817,1
8818,0
8819,1
8820,0
8821,1
8822,1
8823,1
8824,1
8825,2
8826,0
8827,0
8828,0
8829,0
8830,2
8831,4
8832,0
8833,0
8834,2
8835,4
8836,1
8837,0
8838,3
8839,1
8840,0
8841,0
8842,3
8843,0
8844,3
8845,0
8846,1
8847,0
8848,1
8849,1
8850,0
8851,1
8852,2
8853,0
8854,5
8855,0
8856,2
8857,2
8858,2
8859,1
8860,1
8861,2
8862,1
8863,2
8864,0
8865,4
8866,3
8867,2
8868,0
8869,1
8870,4
8871,1
8872,0
8873,2
8874,4
8875,2
8876,0
8877,0
8878,0
8879,1
8880,0
8881,0
8882,2
8883,3
8884,3
8885,0
8886,1
8887,2
8888,2
8889,1
8890,3
8891,1
8892,0
8893,3
8894,1
8895,8
8896,3
8897,0
8898,1
8899,1
8900,2
8901,0
8902,0
8903,2
8904,2
8905,1
8906,0
8907,1
8908,3
8909,3
8910,2
8911,1
8912,2
8913,2
8914,5
8915,0
8916,1
8917,3
8918,3
8919,2
8920,0
8921,0
8922,3
8923,1
8924,2
8925,2
8926,3
8927,2
8928,1
8929,1
8930,0
8931,3
8932,1
8933,0
8934,3
8935,3
8936,1
8937,6
8938,0
8939,1
8940,1
8941,2
8942,4
8943,2
8944,1
8945,2
8946,1
8947,2
8948,1
8949,0
8950,2
8951,3
8952,1
8953,0
8954,2
8955,0
8956,0
8957,1
8958,0
8959,1
8960,1
8961,3
8962,1
8963,1
8964,2
8965,2
8966,3
8967,2
8968,1
8969,2
8970,1
8971,3
8972,2
8973,2
8974,1
8975,3
8976,2
8977,3
8978,0
8979,0
8980,1
8981,3
8982,2
8983,4
8984,2
8985,0
8986,4
8987,0
8988,2
8989,1
8990,1
8991,3
8992,0
8993,1
8994,4
8995,0
8996,1
8997,2
8998,0
8999,0
9000,2
9001,3
9002,3
9003,3
9004,0
9005,2
9006,2
9007,1
9008,0
9009,1
9010,1
9011,2
9012,1
9013,2
9014,2
9015,0
9016,1
9017,1
9018,3
9019,2
9020,1
9021,2
9022,1
9023,4
9024,0
9025,1
9026,0
9027,2
9028,1
9029,1
9030,0
9031,1
9032,1
9033,1
9034,1
9035,3
9036,0
9037,1
9038,2
9039,0
9040,1
9041,6
9042,0
9043,1
9044,1
9045,1
9046,2
9047,5
9048,1
9049,3
9050,1
9051,0
9052,1
9053,0
9054,1
9055,4
9056,0
9057,4
9058,1
9059,3
9060,0
9061,3
9062,0
9063,3
9064,0
9065,2
9066,2
9067,0
9068,1
9069,0
9070,2
9071,4
9072,1
9073,4
9074,0
9075,4
9076,1
9077,1
9078,4
9079,1
9080,2
9081,3
9082,2
9083,0
9084,2
9085,0
9086,2
9087,6
9088,0
9089,2
9090,1
9091,0
9092,0
9093,2
9094,2
9095,2
9096,2
9097,2
9098,2
9099,1
9100,0
9101,1
9102,5
9103,5
9104,2
9105,6
9106,3
9107,1
9108,1
9109,2
9110,2
9111,3
9112,1
9113,2
9114,1
9115,1
9116,0
9117,0
9118,4
9119,0
9120,0
9121,3
9122,3
9123,2
9124,3
9125,2
9126,2
9127,0
9128,2
9129,2
9130,1
9131,2
9132,1
9133,0
9134,1
9135,4
9136,1
9137,2
9138,2
9139,0
9140,0
9141,3
9142,2
9143,0
9144,1
9145,4
9146,2
9147,1
9148,0
9149,0
9150,3
9151,3
9152,1
9153,0
9154,0
9155,4
9156,0
9157,1
9158,3
9159,0
9160,0
9161,4
9162,1
9163,3
9164,1
9165,0
9166,5
9167,1
9168,3
9169,1
9170,3
9171,1
9172,1
9173,1
9174,0
9175,4
9176,1
9177,1
9178,2
9179,1
9180,2
9181,0
9182,2
9183,2
9184,1
9185,3
9186,2
9187,3
9188,2
9189,3
9190,5
9191,1
9192,1
9193,1
9194,1
9195,0
9196,2
9197,1
9198,3
9199,4
9200,1
9201,3
9202,2
9203,0
9204,1
9205,1
9206,3
9207,1
9208,3
9209,2
9210,1
9211,2
9212,0
9213,1
9214,2
9215,7
9216,0
9217,1
9218,0
9219,1
9220,0
9221,2
9222,0
9223,2
9224,0
9225,1
9226,1
9227,1
9228,1
9229,0
9230,1
9231,0
9232,1
9233,1
9234,2
9235,1
9236,0
9237,0
9238,1
9239,0
9240,1
9241,2
9242,3
9243,1
9244,0
9245,2
9246,1
9247,1
9248,1
9249,1
9250,0
9251,2
9252,2
9253,3
9254,0
9255,2
9256,1
9257,2
9258,1
9259,0
9260,0
9261,1
9262,4
9263,6
9264,1
9265,2
9266,0
9267,2
9268,0
9269,3
9270,0
9271,1
9272,3
9273,1
9274,1
9275,1
9276,1
9277,0
9278,1
9279,1
9280,1
9281,1
9282,1
9283,0
9284,1
9285,1
9286,0
9287,1
9288,1
9289,2
9290,2
9291,1
9292,2
9293,2
9294,1
9295,2
9296,1
9297,2
9298,1
9299,1
9300,1
9301,3
9302,3
9303,2
9304,0
9305,1
9306,3
9307,1
9308,2
9309,1
9310,1
9311,3
9312,2
9313,2
9314,5
9315,0
9316,2
9317,0
9318,1
9319,1
9320,0
9321,2
9322,2
9323,2
9324,0
9325,0
9326,0
9327,0
9328,4
9329,0
9330,0
9331,2
9332,0
9333,2
9334,1
9335,0
9336,2
9337,0
9338,4
9339,1
9340,0
9341,1
9342,1
9343,0
9344,1
9345,2
9346,0
9347,0
9348,2
9349,2
9350,2
9351,1
9352,2
9353,1
9354,2
9355,2
9356,1
9357,0
9358,1
9359,0
9360,0
9361,0
9362,0
9363,1
9364,0
9365,2
9366,2
9367,3
9368,1
9369,0
9370,3
9371,2
9372,2
9373,0
9374,0
9375,1
9376,1
9377,1
9378,1
9379,0
9380,0
9381,0
9382,2
9383,1
9384,0
9385,1
9386,0
9387,1
9388,0
9389,1
9390,2
9391,2
9392,1
9393,1
9394,1
9395,0
9396,0
9397,0
9398,2
9399,1
9400,2
9401,2
9402,0
9403,0
9404,0
9405,1
9406,0
9407,1
9408,0
9409,3
9410,1
9411,0
9412,3
9413,1
9414,4
9415,1
9416,0
9417,3
9418,1
9419,1
9420,1
9421,1
9422,1
9423,2
9424,1
9425,2
9426,0
9427,2
9428,1
9429,0
9430,1
9431,0
9432,1
9433,0
9434,3
9435,2
9436,1
9437,1
9438,1
9439,2
9440,1
9441,2
9442,0
9443,1
9444,1
9445,2
9446,0
9447,1
9448,0
9449,1
9450,2
9451,0
9452,1
9453,1
9454,2
9455,3
9456,0
9457,2
9458,1
9459,1
9460,0
9461,0
9462,3
9463,1
9464,3
9465,2
9466,0
9467,3
9468,1
9469,0
9470,0
9471,4
9472,0
9473,1
9474,0
9475,0
9476,3
9477,0
9478,0
9479,0
9480,0
9481,4
9482,2
9483,2
9484,2
9485,1
9486,2
9487,3
9488,3
9489,1
9490,1
9491,0
9492,1
9493,1
9494,3
9495,0
9496,1
9497,0
9498,0
9499,0
9500,2
9501,1
9502,1
9503,3
9504,0
9505,0
9506,1
9507,0
9508,1
9509,1
9510,2
9511,1
9512,0
9513,0
9514,0
9515,0
9516,0
9517,0
9518,2
9519,1
9520,2
9521,3
9522,1
9523,0
9524,0
9525,3
9526,1
9527,1
9528,1
9529,2
9530,1
9531,0
9532,0
9533,0
9534,2
9535,1
9536,1
9537,2
9538,0
9539,2
9540,1
9541,1
9542,1
9543,1
9544,2
9545,2
9546,2
9547,0
9548,0
9549,1
9550,3
9551,2
9552,1
9553,1
9554,0
9555,0
9556,0
9557,2
9558,3
9559,2
9560,0
9561,3
9562,2
9563,1
9564,1
9565,0
9566,0
9567,1
9568,2
9569,2
9570,1
9571,3
9572,0
9573,0
9574,0
9575,0
9576,0
9577,1
9578,2
9579,3
9580,1
9581,0
9582,2
9583,2
9584,0
9585,5
9586,0
9587,0
9588,0
9589,1
9590,3
9591,2
9592,0
9593,2
9594,0
9595,2
9596,1
9597,2
9598,2
9599,1
9600,0
9601,0
9602,1
9603,0
9604,2
9605,0
9606,1
9607,0
9608,3
9609,3
9610,1
9611,2
9612,0
9613,0
9614,3
9615,0
9616,2
9617,0
9618,0
9619,0
9620,0
9621,2
9622,0
9623,0
9624,2
9625,2
9626,3
9627,0
9628,1
9629,0
9630,4
9631,2
9632,0
9633,2
9634,0
9635,0
9636,1
9637,2
9638,3
9639,0
9640,0
9641,1
9642,1
9643,0
9644,1
9645,0
9646,2
9647,2
9648,2
9649,2
9650,1
9651,0
9652,1
9653,1
9654,2
9655,1
9656,0
9657,2
9658,0
9659,0
9660,2
9661,1
9662,3
9663,1
9664,1
9665,4
9666,0
9667,2
9668,0
9669,1
9670,2
9671,1
9672,2
9673,2
9674,1
9675,0
9676,1
9677,2
9678,3
9679,1
9680,0
9681,2
9682,0
9683,1
9684,1
9685,3
9686,2
9687,1
9688,3
9689,3
9690,1
9691,2
9692,3
9693,0
9694,3
9695,1
9696,0
9697,2
9698,0
9699,1
9700,2
9701,3
9702,2
9703,1
9704,0
9705,1
9706,2
9707,0
9708,0
9709,0
9710,2
9711,5
9712,0
9713,1
9714,2
9715,3
9716,4
9717,0
9718,2
9719,2
9720,0
9721,2
9722,0
9723,0
9724,2
9725,1
9726,0
9727,1
9728,1
9729,5
9730,1
9731,1
9732,1
9733,1
9734,1
9735,1
9736,2
9737,3
9738,2
9739,1
9740,1
9741,1
9742,1
9743,1
9744,0
9745,1
9746,3
9747,1
9748,3
9749,1
9750,3
9751,1
9752,4
9753,2
9754,1
9755,0
9756,1
9757,3
9758,4
9759,3
9760,0
9761,1
9762,0
9763,2
9764,2
9765,0
9766,0
9767,2
9768,1
9769,1
9770,1
9771,0
9772,0
9773,1
9774,0
9775,1
9776,0
9777,4
9778,1
9779,2
9780,0
9781,0
9782,0
9783,0
9784,0
9785,2
9786,2
9787,1
9788,2
9789,1
9790,5
9791,4
9792,1
9793,0
9794,1
9795,3
9796,0
9797,2
9798,0
9799,2
9800,0
9801,6
9802,1
9803,1
9804,1
9805,1
9806,1
9807,3
9808,3
9809,3
9810,0
9811,1
9812,1
9813,1
9814,2
9815,0
9816,0
9817,1
9818,0
9819,1
9820,0
9821,1
9822,1
9823,2
9824,0
9825,1
9826,0
9827,2
9828,1
9829,0
9830,1
9831,0
9832,0
9833,0
9834,1
9835,1
9836,2
9837,2
9838,2
9839,3
9840,0
9841,1
9842,1
9843,1
9844,0
9845,0
9846,3
9847,0
9848,2
9849,2
9850,1
9851,2
9852,1
9853,0
9854,5
9855,5
9856,2
9857,1
9858,1
9859,0
9860,0
9861,2
9862,2
9863,1
9864,1
9865,0
9866,0
9867,0
9868,0
9869,2
9870,2
9871,6
9872,2
9873,0
9874,0
9875,0
9876,5
9877,1
9878,1
9879,2
9880,1
9881,2
9882,6
9883,1
9884,1
9885,0
9886,3
9887,2
9888,2
9889,2
9890,0
9891,2
9892,3
9893,0
9894,0
9895,1
9896,0
9897,2
9898,2
9899,2
9900,1
9901,0
9902,2
9903,5
9904,0
9905,4
9906,1
9907,1
9908,1
9909,0
9910,1
9911,1
9912,0
9913,2
9914,3
9915,3
9916,1
9917,4
9918,2
9919,0
9920,0
9921,4
9922,1
9923,1
9924,2
9925,2
9926,2
9927,0
9928,1
9929,3
9930,3
9931,1
9932,1
9933,0
9934,1
9935,1
9936,3
9937,0
9938,0
9939,0
9940,2
9941,2
9942,3
9943,2
9944,2
9945,2
9946,5
9947,0
9948,0
9949,1
9950,3
9951,2
9952,0
9953,3
9954,2
9955,0
9956,1
9957,1
9958,1
9959,0
9960,0
9961,1
9962,1
9963,0
9964,3
9965,1
9966,2
9967,1
9968,1
9969,0
9970,0
9971,0
9972,0
9973,1
9974,2
9975,3
9976,1
9977,2
9978,2
9979,0
9980,3
9981,5
9982,2
9983,2
9984,1
9985,3
9986,0
9987,3
9988,0
9989,1
9990,2
9991,4
9992,2
9993,4
9994,2
9995,2
9996,0
9997,1
9998,1
9999,1
10000,0
10001,2
10002,3
10003,0
10004,0
10005,2
10006,1
10007,0
10008,0
10009,1
10010,2
10011,1
10012,2
10013,2
10014,1
10015,4
10016,1
10017,1
10018,0
10019,0
10020,0
10021,1
10022,1
10023,0
10024,0
10025,2
10026,0
10027,0
10028,2
10029,1
10030,1
10031,1
10032,1
10033,3
10034,1
10035,1
10036,0
10037,0
10038,1
10039,2
10040,0
10041,0
10042,1
10043,2
10044,0
10045,0
10046,1
10047,1
10048,0
10049,2
10050,0
10051,1
10052,0
10053,1
10054,0
10055,1
10056,3
10057,3
10058,0
10059,2
10060,1
10061,1
10062,5
10063,2
10064,1
10065,2
10066,3
10067,0
10068,0
10069,2
10070,2
10071,0
10072,0
10073,1
10074,2
10075,1
10076,2
10077,1
10078,3
10079,0
10080,4
10081,1
10082,0
10083,2
10084,0
10085,0
10086,1
10087,1
10088,0
10089,1
10090,2
10091,0
10092,1
10093,3
10094,2
10095,1
10096,1
10097,4
10098,1
10099,1
10100,2
10101,0
10102,2
10103,1
10104,0
10105,1
10106,0
10107,0
10108,2
10109,2
10110,4
10111,5
10112,0
10113,0
10114,2
10115,0
10116,2
10117,0
10118,2
10119,0
10120,0
10121,1
10122,3
10123,2
10124,0
10125,0
10126,3
10127,3
10128,0
10129,3
10130,1
10131,0
10132,2
10133,3
10134,0
10135,4
10136,3
10137,0
10138,1
10139,1
10140,2
10141,4
10142,3
10143,2
10144,2
10145,2
10146,0
10147,0
10148,1
10149,4
10150,2
10151,0
10152,1
10153,0
10154,1
10155,0
10156,0
10157,2
10158,2
10159,2
10160,0
10161,3
10162,1
10163,1
10164,1
10165,2
10166,0
10167,1
10168,2
10169,2
10170,3
10171,2
10172,4
10173,1
10174,2
10175,5
10176,1
10177,1
10178,0
10179,1
10180,1
10181,0
10182,1
10183,0
10184,1
10185,0
10186,0
10187,0
10188,1
10189,1
10190,3
10191,1
10192,0
10193,2
10194,0
10195,0
10196,1
10197,3
10198,5
10199,1
10200,1
10201,2
10202,1
10203,2
10204,1
10205,5
10206,1
10207,1
10208,1
10209,0
10210,2
10211,2
10212,1
10213,1
10214,1
10215,1
10216,3
10217,1
10218,1
10219,0
10220,2
10221,1
10222,3
10223,1
10224,0
10225,0
10226,1
10227,1
10228,2
10229,0
10230,1
10231,0
10232,0
10233,1
10234,0
10235,2
10236,0
10237,1
10238,1
10239,4
10240,0
10241,1
10242,0
10243,2
10244,3
10245,0
10246,0
10247,0
10248,0
10249,0
10250,4
10251,1
10252,0
10253,0
10254,0
10255,3
10256,1
10257,1
10258,1
10259,1
10260,1
10261,0
10262,1
10263,0
10264,0
10265,1
10266,0
10267,1
10268,3
10269,3
10270,1
10271,1
10272,4
10273,3
10274,1
10275,0
10276,1
10277,1
10278,2
10279,0
10280,0
10281,1
10282,0
10283,2
10284,0
10285,2
10286,1
10287,1
10288,0
10289,1
10290,0
10291,1
10292,0
10293,0
10294,1
10295,0
10296,0
10297,2
10298,0
10299,1
10300,2
10301,1
10302,1
10303,3
10304,0
10305,3
10306,0
10307,0
10308,1
10309,0
10310,1
10311,1
10312,1
10313,1
10314,0
10315,2
10316,2
10317,2
10318,2
10319,2
10320,2
10321,3
10322,0
10323,2
10324,2
10325,1
10326,2
10327,0
10328,0
10329,3
10330,1
10331,2
10332,1
10333,3
10334,0
10335,1
10336,1
10337,2
10338,0
10339,1
10340,1
10341,1
10342,1
10343,2
10344,1
10345,2
10346,1
10347,0
10348,2
10349,2
10350,0
10351,2
10352,0
10353,2
10354,3
10355,1
10356,1
10357,1
10358,1
10359,1
10360,0
10361,1
10362,2
10363,2
10364,2
10365,1
10366,1
10367,1
10368,1
10369,1
10370,1
10371,4
10372,1
10373,1
10374,1
10375,3
10376,2
10377,1
10378,2
10379,3
10380,1
10381,1
10382,1
10383,0
10384,3
10385,0
10386,2
10387,1
10388,0
10389,0
10390,2
10391,0
10392,0
10393,1
10394,3
10395,1
10396,3
10397,0
10398,1
10399,0
10400,2
10401,0
10402,2
10403,0
10404,0
10405,3
10406,0
10407,1
10408,2
10409,0
10410,2
10411,1
10412,1
10413,1
10414,2
10415,2
10416,1
10417,2
10418,0
10419,2
10420,1
10421,1
10422,0
10423,1
10424,1
10425,1
10426,2
10427,0
10428,0
10429,3
10430,2
10431,0
10432,1
10433,1
10434,1
10435,3
10436,1
10437,3
10438,2
10439,0
10440,1
10441,1
10442,1
10443,0
10444,0
10445,2
10446,0
10447,1
10448,1
10449,2
10450,0
10451,1
10452,0
10453,0
10454,0
10455,3
10456,1
10457,1
10458,3
10459,0
10460,1
10461,1
10462,3
10463,2
10464,1
10465,4
10466,1
10467,2
10468,2
10469,1
10470,0
10471,3
10472,1
10473,1
10474,2
10475,0
10476,3
10477,2
10478,2
10479,3
10480,0
10481,4
10482,0
10483,2
10484,0
10485,1
10486,3
10487,1
10488,3
10489,0
10490,3
10491,1
10492,0
10493,2
10494,2
10495,0
10496,0
10497,1
10498,1
10499,0
10500,3
10501,1
10502,1
10503,0
10504,0
10505,2
10506,0
10507,1
10508,2
10509,0
10510,3
10511,4
10512,2
10513,2
10514,0
10515,1
10516,0
10517,0
10518,1
10519,1
10520,0
10521,3
10522,1
10523,0
10524,0
10525,1
10526,1
10527,0
10528,0
10529,0
10530,0
10531,2
10532,0
10533,3
10534,3
10535,0
10536,3
10537,0
10538,0
10539,0
10540,1
10541,5
10542,3
10543,2
10544,0
10545,1
10546,1
10547,0
10548,2
10549,0
10550,1
10551,0
10552,0
10553,4
10554,2
10555,1
10556,0
10557,1
10558,5
10559,3
10560,3
10561,0
10562,0
10563,4
10564,1
10565,1
10566,1
10567,1
10568,2
10569,2
10570,0
10571,1
10572,2
10573,1
10574,2
10575,1
10576,1
10577,1
10578,2
10579,0
10580,1
10581,1
10582,0
10583,1
10584,0
10585,0
10586,1
10587,0
10588,1
10589,1
10590,0
10591,1
10592,0
10593,2
10594,2
10595,0
10596,3
10597,1
10598,2
10599,3
10600,2
10601,0
10602,2
10603,1
10604,1
10605,1
10606,1
10607,3
10608,0
10609,0
10610,0
10611,0
10612,0
10613,1
10614,3
10615,1
10616,1
10617,2
10618,1
10619,0
10620,2
10621,0
10622,1
10623,3
10624,0
10625,0
10626,0
10627,1
10628,2
10629,1
10630,2
10631,2
10632,3
10633,0
10634,0
10635,1
10636,1
10637,2
10638,2
10639,4
10640,1
10641,1
10642,0
10643,0
10644,0
10645,0
10646,2
10647,3
10648,0
10649,2
10650,2
10651,3
10652,1
10653,1
10654,2
10655,2
10656,1
10657,1
10658,2
10659,2
10660,1
10661,1
10662,3
10663,0
10664,1
10665,2
10666,3
10667,1
10668,0
10669,0
10670,2
10671,2
10672,0
10673,2
10674,0
10675,2
10676,0
10677,1
10678,1
10679,2
10680,0
10681,0
10682,0
10683,2
10684,0
10685,1
10686,1
10687,3
10688,0
10689,5
10690,0
10691,1
10692,1
10693,1
10694,1
10695,1
10696,1
10697,1
10698,1
10699,1
10700,2
10701,0
10702,1
10703,1
10704,1
10705,1
10706,1
10707,0
10708,0
10709,0
10710,1
10711,3
10712,2
10713,2
10714,0
10715,1
10716,0
10717,0
10718,2
10719,3
10720,0
10721,2
10722,1
10723,0
10724,1
10725,1
10726,0
10727,0
10728,2
10729,1
10730,1
10731,4
10732,4
10733,0
10734,2
10735,3
10736,1
10737,2
10738,0
10739,1
10740,1
10741,2
10742,2
10743,1
10744,0
10745,2
10746,2
10747,0
10748,0
10749,0
10750,2
10751,2
10752,1
10753,1
10754,0
10755,0
10756,0
10757,1
10758,2
10759,2
10760,1
10761,1
10762,3
10763,1
10764,3
10765,1
10766,5
10767,0
10768,2
10769,2
10770,0
10771,2
10772,1
10773,1
10774,1
10775,2
10776,0
10777,1
10778,1
10779,0
10780,0
10781,0
10782,4
10783,1
10784,1
10785,5
10786,2
10787,1
10788,1
10789,1
10790,1
10791,1
10792,1
10793,2
10794,1
10795,0
10796,1
10797,1
10798,3
10799,3
10800,1
10801,3
10802,0
10803,1
10804,1
10805,0
10806,1
10807,1
10808,1
10809,1
10810,0
10811,0
10812,0
10813,1
10814,2
10815,2
10816,1
10817,0
10818,1
10819,3
10820,0
10821,3
10822,2
10823,0
10824,1
10825,2
10826,3
10827,0
10828,0
10829,1
10830,1
10831,0
10832,0
10833,2
10834,0
10835,3
10836,2
10837,0
10838,2
10839,2
10840,1
10841,0
10842,2
10843,1
10844,1
10845,1
10846,3
10847,1
10848,2
10849,3
10850,2
10851,1
10852,2
10853,3
10854,4
10855,1
10856,1
10857,2
10858,1
10859,0
10860,2
10861,0
10862,6
10863,1
10864,1
10865,3
10866,0
10867,0
10868,1
10869,2
10870,0
10871,1
10872,2
10873,1
10874,1
10875,0
10876,1
10877,2
10878,2
10879,4
10880,1
10881,2
10882,0
10883,0
10884,3
10885,1
10886,2
10887,0
10888,2
10889,0
10890,5
10891,0
10892,3
10893,2
10894,1
10895,0
10896,0
10897,1
10898,0
10899,1
10900,0
10901,2
10902,6
10903,1
10904,0
10905,0
10906,1
10907,1
10908,1
10909,1
10910,2
10911,3
10912,0
10913,1
10914,0
10915,0
10916,1
10917,0
10918,0
10919,0
10920,0
10921,2
10922,1
10923,4
10924,1
10925,1
10926,1
10927,2
10928,1
10929,3
10930,1
10931,1
10932,0
10933,1
10934,1
10935,0
10936,0
10937,1
10938,0
10939,1
10940,0
10941,1
10942,0
10943,4
10944,1
10945,1
10946,3
10947,0
10948,1
10949,0
10950,6
10951,1
10952,0
10953,2
10954,0
10955,1
10956,1
10957,1
10958,0
10959,0
10960,0
10961,4
10962,0
10963,0
10964,0
10965,1
10966,1
10967,0
10968,1
10969,2
10970,4
10971,0
10972,0
10973,0
10974,3
10975,2
10976,0
10977,1
10978,0
10979,0
10980,1
10981,0
10982,1
10983,0
10984,0
10985,1
10986,2
10987,0
10988,0
10989,0
10990,0
10991,5
10992,1
10993,1
10994,2
10995,2
10996,1
10997,2
10998,1
10999,0
11000,3
11001,0
11002,0
11003,0
11004,1
11005,1
11006,1
11007,3
11008,0
11009,4
11010,1
11011,1
11012,1
11013,2
11014,2
11015,1
11016,2
11017,2
11018,4
11019,1
11020,1
11021,3
11022,1
11023,6
11024,3
11025,1
11026,3
11027,2
11028,1
11029,2
11030,1
11031,0
11032,1
11033,0
11034,2
11035,0
11036,1
11037,2
11038,2
11039,2
11040,0
11041,4
11042,0
11043,0
11044,0
11045,1
11046,0
11047,0
11048,0
11049,1
11050,0
11051,0
11052,0
11053,1
11054,2
11055,0
11056,0
11057,2
11058,2
11059,3
11060,0
11061,2
11062,1
11063,1
11064,0
11065,2
11066,2
11067,1
11068,1
11069,2
11070,1
11071,1
11072,2
11073,2
11074,2
11075,3
11076,2
11077,1
11078,1
11079,2
11080,3
11081,1
11082,0
11083,1
11084,0
11085,2
11086,0
11087,1
11088,1
11089,0
11090,0
11091,0
11092,0
11093,0
11094,0
11095,1
11096,0
11097,1
11098,0
11099,1
11100,0
11101,1
11102,1
11103,4
11104,0
11105,3
11106,1
11107,1
11108,0
11109,0
11110,0
11111,0
11112,3
11113,1
11114,1
11115,1
11116,0
11117,1
11118,4
11119,2
11120,1
11121,1
11122,0
11123,1
11124,0
11125,1
11126,3
11127,1
11128,2
11129,0
11130,0
11131,1
11132,0
11133,2
11134,2
11135,2
11136,0
11137,1
11138,0
11139,1
11140,0
11141,3
11142,3
11143,0
11144,0
11145,2
11146,3
11147,0
11148,1
11149,1
11150,1
11151,5
11152,0
11153,0
11154,1
11155,0
11156,2
11157,1
11158,0
11159,0
11160,0
11161,2
11162,2
11163,0
11164,1
11165,3
11166,3
11167,2
11168,0
11169,1
11170,2
11171,1
11172,1
11173,0
11174,0
11175,1
11176,0
11177,0
11178,2
11179,1
11180,0
11181,3
11182,4
11183,3
11184,2
11185,1
11186,1
11187,1
11188,1
11189,0
11190,3
11191,0
11192,0
11193,2
11194,1
11195,2
11196,2
11197,1
11198,1
11199,1
11200,2
11201,2
11202,0
11203,2
11204,1
11205,3
11206,0
11207,1
11208,3
11209,1
11210,2
11211,2
11212,1
11213,1
11214,1
11215,2
11216,1
11217,0
11218,3
11219,0
11220,0
11221,1
11222,0
11223,4
11224,2
11225,1
11226,3
11227,2
11228,1
11229,0
11230,1
11231,1
11232,1
11233,2
11234,0
11235,0
11236,1
11237,0
11238,0
11239,0
11240,1
11241,1
11242,0
11243,0
11244,0
11245,1
11246,1
11247,0
11248,0
11249,2
11250,2
11251,1
11252,0
11253,0
11254,1
11255,2
11256,1
11257,1
11258,1
11259,1
11260,1
11261,1
11262,3
11263,1
11264,0
11265,0
11266,0
11267,0
11268,0
11269,0
11270,2
11271,1
11272,0
11273,1
11274,3
11275,1
11276,3
11277,1
11278,1
11279,2
11280,1
11281,2
11282,0
11283,2
11284,1
11285,1
11286,2
11287,1
11288,0
11289,2
11290,1
11291,0
11292,0
11293,0
11294,0
11295,5
11296,1
11297,3
11298,0
11299,0
11300,3
11301,1
11302,1
11303,1
11304,0
11305,0
11306,1
11307,0
11308,0
11309,0
11310,1
11311,2
11312,0
11313,3
11314,1
11315,0
11316,2
11317,0
11318,1
11319,2
11320,2
11321,1
11322,1
11323,1
11324,1
11325,1
11326,1
11327,0
11328,1
11329,1
11330,0
11331,0
11332,1
11333,0
11334,0
11335,2
11336,1
11337,0
11338,0
11339,0
11340,0
11341,0
11342,1
11343,2
11344,0
11345,0
11346,0
11347,1
11348,1
11349,1
11350,0
11351,3
11352,1
11353,0
11354,0
11355,0
11356,0
11357,0
11358,0
11359,5
11360,0
11361,0
11362,0
11363,3
11364,1
11365,0
11366,0
11367,1
11368,0
11369,1
11370,3
11371,0
11372,1
11373,3
11374,1
11375,3
11376,0
11377,0
11378,1
11379,1
11380,0
11381,1
11382,2
11383,0
11384,1
11385,0
11386,4
11387,0
11388,1
11389,1
11390,1
11391,4
11392,1
11393,1
11394,1
11395,0
11396,0
11397,0
11398,3
11399,1
11400,2
11401,0
11402,0
11403,1
11404,0
11405,0
11406,1
11407,2
11408,0
11409,1
11410,0
11411,3
11412,1
11413,1
11414,0
11415,1
11416,1
11417,0
11418,0
11419,0
11420,0
11421,2
11422,0
11423,2
11424,1
11425,1
11426,0
11427,0
11428,0
11429,0
11430,3
11431,0
11432,1
11433,0
11434,1
11435,1
11436,2
11437,1
11438,0
11439,0
11440,2
11441,2
11442,0
11443,0
11444,0
11445,1
11446,0
11447,2
11448,0
11449,2
11450,0
11451,1
11452,2
11453,0
11454,0
11455,0
11456,3
11457,1
11458,1
11459,0
11460,0
11461,1
11462,1
11463,1
11464,1
11465,2
11466,3
11467,0
11468,2
11469,1
11470,1
11471,1
11472,0
11473,2
11474,0
11475,0
11476,0
11477,0
11478,0
11479,1
11480,0
11481,0
11482,1
11483,0
11484,0
11485,0
11486,0
11487,0
11488,0
11489,3
11490,0
11491,1
11492,2
11493,1
11494,0
11495,1
11496,1
11497,0
11498,1
11499,0
11500,1
11501,0
11502,0
11503,1
11504,0
11505,0
11506,0
11507,1
11508,0
11509,0
11510,2
11511,0
11512,0
11513,1
11514,1
11515,0
11516,0
11517,1
11518,1
11519,2
11520,0
11521,1
11522,1
11523,0
11524,1
11525,0
11526,2
11527,2
11528,0
11529,0
11530,1
11531,0
11532,2
11533,0
11534,1
11535,3
11536,1
11537,0
11538,1
11539,2
11540,2
11541,0
11542,0
11543,2
11544,1
11545,2
11546,3
11547,1
11548,1
11549,1
11550,1
11551,2
11552,2
11553,2
11554,0
11555,1
11556,1
11557,1
11558,2
11559,0
11560,1
11561,1
11562,0
11563,1
11564,0
11565,2
11566,0
11567,2
11568,0
11569,0
11570,0
11571,1
11572,0
11573,0
11574,1
11575,1
11576,1
11577,0
11578,1
11579,0
11580,0
11581,0
11582,3
11583,1
11584,0
11585,2
11586,0
11587,0
11588,0
11589,0
11590,0
11591,2
11592,2
11593,0
11594,0
11595,3
11596,1
11597,0
11598,2
11599,0
11600,0
11601,0
11602,3
11603,2
11604,0
11605,1
11606,2
11607,0
11608,2
11609,2
11610,3
11611,1
11612,0
11613,1
11614,2
11615,2
11616,0
11617,2
11618,0
11619,0
11620,0
11621,1
11622,2
11623,3
11624,1
11625,0
11626,2
11627,2
11628,2
11629,1
11630,0
11631,2
11632,1
11633,4
11634,1
11635,2
11636,0
11637,1
11638,0
11639,2
11640,0
11641,3
11642,0
11643,2
11644,2
11645,1
11646,1
11647,4
11648,0
11649,1
11650,1
11651,1
11652,1
11653,2
11654,0
11655,2
11656,0
11657,1
11658,0
11659,0
11660,0
11661,1
11662,0
11663,1
11664,0
11665,0
11666,0
11667,1
11668,1
11669,1
11670,2
11671,2
11672,1
11673,1
11674,1
11675,3
11676,0
11677,0
11678,2
11679,3
11680,1
11681,0
11682,0
11683,0
11684,1
11685,0
11686,0
11687,1
11688,1
11689,0
11690,1
11691,1
11692,2
11693,0
11694,1
11695,1
11696,1
11697,2
11698,1
11699,0
11700,1
11701,1
11702,2
11703,0
11704,0
11705,0
11706,1
11707,1
11708,0
11709,2
11710,3
11711,6
11712,0
11713,2
11714,0
11715,1
11716,1
